# det_name	ele	roc	board	chan
H1T	19	14	2304	0
H1T	18	14	2304	1
H1T	17	14	2304	2
H1T	16	14	2304	3
H1T	15	14	2304	4
H1T	14	14	2304	5
H1T	13	14	2304	6
H1T	12	14	2304	7
H1T	11	14	2304	8
H1T	10	14	2304	9
H1T	9	14	2304	10
H1T	8	14	2304	11
H1T	7	14	2304	12
H1T	6	14	2304	13
H1T	5	14	2304	14
H1B	19	14	2304	16
H1B	18	14	2304	17
H1B	17	14	2304	18
H1B	16	14	2304	19
H1B	15	14	2304	20
H1B	14	14	2304	21
H1B	13	14	2304	22
H1B	12	14	2304	23
H1B	11	14	2304	24
H1B	10	14	2304	25
H1B	9	14	2304	26
H1B	8	14	2304	27
H1B	7	14	2304	28
H1B	6	14	2304	29
H1B	5	14	2304	30
H1T	23	14	2304	32
H1T	22	14	2304	33
H1T	21	14	2304	34
H1T	20	14	2304	35
H1T	4	14	2304	36
H1T	3	14	2304	37
H1T	2	14	2304	38
H1T	1	14	2304	39
H1B	23	14	2304	40
H1B	22	14	2304	41
H1B	21	14	2304	42
H1B	20	14	2304	43
H1B	4	14	2304	44
H1B	3	14	2304	45
H1B	2	14	2304	46
H1B	1	14	2304	47
H1L	20	14	2560	2
H1L	19	14	2560	4
H1L	18	14	2560	5
H1L	17	14	2560	6
H1L	16	14	2560	7
H1L	15	14	2560	8
H1L	14	14	2560	9
H1L	13	14	2560	10
H1L	12	14	2560	11
H1L	11	14	2560	12
H1R	20	14	2560	19
H1R	19	14	2560	20
H1R	18	14	2560	21
H1R	17	14	2560	22
H1R	16	14	2560	23
H1R	15	14	2560	24
H1R	14	14	2560	25
H1R	13	14	2560	26
H1R	12	14	2560	27
H1R	11	14	2560	28
H1L	10	14	2560	35
H1L	9	14	2560	36
H1L	8	14	2560	37
H1L	7	14	2560	38
H1L	6	14	2560	39
H1L	5	14	2560	40
H1L	4	14	2560	41
H1L	3	14	2560	42
H1L	2	14	2560	43
H1L	1	14	2560	44
H1R	10	14	2560	51
H1R	9	14	2560	52
H1R	8	14	2560	53
H1R	7	14	2560	54
H1R	6	14	2560	55
H1R	5	14	2560	56
H1R	4	14	2560	57
H1R	3	14	2560	58
H1R	2	14	2560	59
H1R	1	14	2560	60
H2L	19	14	2816	3
H2L	18	14	2816	4
H2L	17	14	2816	5
H2L	16	14	2816	6
H2L	15	14	2816	7
H2L	14	14	2816	8
H2L	13	14	2816	9
H2L	12	14	2816	10
H2L	11	14	2816	11
H2L	10	14	2816	12
H2R	19	14	2816	19
H2R	18	14	2816	20
H2R	17	14	2816	21
H2R	16	14	2816	22
H2R	15	14	2816	23
H2R	14	14	2816	24
H2R	13	14	2816	25
H2R	12	14	2816	26
H2R	11	14	2816	27
H2R	10	14	2816	28
H2L	9	14	2816	35
H2L	8	14	2816	36
H2L	7	14	2816	37
H2L	6	14	2816	38
H2L	5	14	2816	39
H2L	4	14	2816	40
H2L	3	14	2816	41
H2L	2	14	2816	42
H2L	1	14	2816	43
H2R	9	14	2816	51
H2R	8	14	2816	52
H2R	7	14	2816	53
H2R	6	14	2816	54
H2R	5	14	2816	55
H2R	4	14	2816	56
H2R	3	14	2816	57
H2R	2	14	2816	58
H2R	1	14	2816	59
H2T	16	14	3072	0
H2T	15	14	3072	1
H2T	14	14	3072	2
H2T	13	14	3072	3
H2T	12	14	3072	4
H2T	11	14	3072	5
H2T	10	14	3072	6
H2T	9	14	3072	7
H2T	8	14	3072	8
H2T	7	14	3072	9
H2T	6	14	3072	10
H2T	5	14	3072	11
H2T	4	14	3072	12
H2T	3	14	3072	13
H2T	2	14	3072	14
H2T	1	14	3072	15
H2B	16	14	3072	16
H2B	15	14	3072	17
H2B	14	14	3072	18
H2B	13	14	3072	19
H2B	12	14	3072	20
H2B	11	14	3072	21
H2B	10	14	3072	22
H2B	9	14	3072	23
H2B	8	14	3072	24
H2B	7	14	3072	25
H2B	6	14	3072	26
H2B	5	14	3072	27
H2B	4	14	3072	28
H2B	3	14	3072	29
H2B	2	14	3072	30
H2B	1	14	3072	31
H4Tu	16	17	2304	0
H4Tu	15	17	2304	1
H4Tu	14	17	2304	2
H4Tu	13	17	2304	3
H4Tu	12	17	2304	4
H4Tu	11	17	2304	5
H4Tu	10	17	2304	6
H4Tu	9	17	2304	7
H4Td	16	17	2304	8
H4Td	15	17	2304	9
H4Td	14	17	2304	10
H4Td	13	17	2304	11
H4Td	12	17	2304	12
H4Td	11	17	2304	13
H4Td	10	17	2304	14
H4Td	9	17	2304	15
H4Tu	8	17	2304	16
H4Tu	7	17	2304	17
H4Tu	6	17	2304	18
H4Tu	5	17	2304	19
H4Tu	4	17	2304	20
H4Tu	3	17	2304	21
H4Tu	2	17	2304	22
H4Tu	1	17	2304	23
H4Td	8	17	2304	24
H4Td	7	17	2304	25
H4Td	6	17	2304	26
H4Td	5	17	2304	27
H4Td	4	17	2304	28
H4Td	3	17	2304	29
H4Td	2	17	2304	30
H4Td	1	17	2304	31
H4Bu	16	17	2304	32
H4Bu	15	17	2304	33
H4Bu	14	17	2304	34
H4Bu	13	17	2304	35
H4Bu	12	17	2304	36
H4Bu	11	17	2304	37
H4Bu	10	17	2304	38
H4Bu	9	17	2304	39
H4Bd	16	17	2304	40
H4Bd	15	17	2304	41
H4Bd	14	17	2304	42
H4Bd	13	17	2304	43
H4Bd	12	17	2304	44
H4Bd	11	17	2304	45
H4Bd	10	17	2304	46
H4Bd	9	17	2304	47
H4Bu	8	17	2304	48
H4Bu	7	17	2304	49
H4Bu	6	17	2304	50
H4Bu	5	17	2304	51
H4Bu	4	17	2304	52
H4Bu	3	17	2304	53
H4Bu	2	17	2304	54
H4Bu	1	17	2304	55
H4Bd	8	17	2304	56
H4Bd	7	17	2304	57
H4Bd	6	17	2304	58
H4Bd	5	17	2304	59
H4Bd	4	17	2304	60
H4Bd	3	17	2304	61
H4Bd	2	17	2304	62
H4Bd	1	17	2304	63
H4Y1Ll	16	17	2560	0
H4Y1Ll	15	17	2560	1
H4Y1Ll	14	17	2560	2
H4Y1Ll	13	17	2560	3
H4Y1Ll	12	17	2560	4
H4Y1Ll	11	17	2560	5
H4Y1Ll	10	17	2560	6
H4Y1Ll	9	17	2560	7
H4Y1Lr	16	17	2560	8
H4Y1Lr	15	17	2560	9
H4Y1Lr	14	17	2560	10
H4Y1Lr	13	17	2560	11
H4Y1Lr	12	17	2560	12
H4Y1Lr	11	17	2560	13
H4Y1Lr	10	17	2560	14
H4Y1Lr	9	17	2560	15
H4Y1Rl	16	17	2560	16
H4Y1Rl	15	17	2560	17
H4Y1Rl	14	17	2560	18
H4Y1Rl	13	17	2560	19
H4Y1Rl	12	17	2560	20
H4Y1Rl	11	17	2560	21
H4Y1Rl	10	17	2560	22
H4Y1Rl	9	17	2560	23
H4Y1Rr	16	17	2560	24
H4Y1Rr	15	17	2560	25
H4Y1Rr	14	17	2560	26
H4Y1Rr	13	17	2560	27
H4Y1Rr	12	17	2560	28
H4Y1Rr	11	17	2560	29
H4Y1Rr	10	17	2560	30
H4Y1Rr	9	17	2560	31
H4Y1Ll	8	17	2560	32
H4Y1Ll	7	17	2560	33
H4Y1Ll	6	17	2560	34
H4Y1Ll	5	17	2560	35
H4Y1Ll	4	17	2560	36
H4Y1Ll	3	17	2560	37
H4Y1Ll	2	17	2560	38
H4Y1Ll	1	17	2560	39
H4Y1Lr	8	17	2560	40
H4Y1Lr	7	17	2560	41
H4Y1Lr	6	17	2560	42
H4Y1Lr	5	17	2560	43
H4Y1Lr	4	17	2560	44
H4Y1Lr	3	17	2560	45
H4Y1Lr	2	17	2560	46
H4Y1Lr	1	17	2560	47
H4Y1Rl	8	17	2560	48
H4Y1Rl	7	17	2560	49
H4Y1Rl	6	17	2560	50
H4Y1Rl	5	17	2560	51
H4Y1Rl	4	17	2560	52
H4Y1Rl	3	17	2560	53
H4Y1Rl	2	17	2560	54
H4Y1Rl	1	17	2560	55
H4Y1Rr	8	17	2560	56
H4Y1Rr	7	17	2560	57
H4Y1Rr	6	17	2560	58
H4Y1Rr	5	17	2560	59
H4Y1Rr	4	17	2560	60
H4Y1Rr	3	17	2560	61
H4Y1Rr	2	17	2560	62
H4Y1Rr	1	17	2560	63
H4Y2Ll	16	17	2816	0
H4Y2Ll	15	17	2816	1
H4Y2Ll	14	17	2816	2
H4Y2Ll	13	17	2816	3
H4Y2Ll	12	17	2816	4
H4Y2Ll	11	17	2816	5
H4Y2Ll	10	17	2816	6
H4Y2Ll	9	17	2816	7
H4Y2Lr	16	17	2816	8
H4Y2Lr	15	17	2816	9
H4Y2Lr	14	17	2816	10
H4Y2Lr	13	17	2816	11
H4Y2Lr	12	17	2816	12
H4Y2Lr	11	17	2816	13
H4Y2Lr	10	17	2816	14
H4Y2Lr	9	17	2816	15
H4Y2Rl	16	17	2816	16
H4Y2Rl	15	17	2816	17
H4Y2Rl	14	17	2816	18
H4Y2Rl	13	17	2816	19
H4Y2Rl	12	17	2816	20
H4Y2Rl	11	17	2816	21
H4Y2Rl	10	17	2816	22
H4Y2Rl	9	17	2816	23
H4Y2Rr	16	17	2816	24
H4Y2Rr	15	17	2816	25
H4Y2Rr	14	17	2816	26
H4Y2Rr	13	17	2816	27
H4Y2Rr	12	17	2816	28
H4Y2Rr	11	17	2816	29
H4Y2Rr	10	17	2816	30
H4Y2Rr	9	17	2816	31
H4Y2Ll	8	17	2816	32
H4Y2Ll	7	17	2816	33
H4Y2Ll	6	17	2816	34
H4Y2Ll	5	17	2816	35
H4Y2Ll	4	17	2816	36
H4Y2Ll	3	17	2816	37
H4Y2Ll	2	17	2816	38
H4Y2Ll	1	17	2816	39
H4Y2Lr	8	17	2816	40
H4Y2Lr	7	17	2816	41
H4Y2Lr	6	17	2816	42
H4Y2Lr	5	17	2816	43
H4Y2Lr	4	17	2816	44
H4Y2Lr	3	17	2816	45
H4Y2Lr	2	17	2816	46
H4Y2Lr	1	17	2816	47
H4Y2Rl	8	17	2816	48
H4Y2Rl	7	17	2816	49
H4Y2Rl	6	17	2816	50
H4Y2Rl	5	17	2816	51
H4Y2Rl	4	17	2816	52
H4Y2Rl	3	17	2816	53
H4Y2Rl	2	17	2816	54
H4Y2Rl	1	17	2816	55
H4Y2Rr	8	17	2816	56
H4Y2Rr	7	17	2816	57
H4Y2Rr	6	17	2816	58
H4Y2Rr	5	17	2816	59
H4Y2Rr	4	17	2816	60
H4Y2Rr	3	17	2816	61
H4Y2Rr	2	17	2816	62
H4Y2Rr	1	17	2816	63
H3B	16	17	3072	0
H3B	15	17	3072	1
H3B	14	17	3072	2
H3B	13	17	3072	3
H3B	12	17	3072	4
H3B	11	17	3072	5
H3B	10	17	3072	6
H3B	9	17	3072	7
H3B	8	17	3072	8
H3B	7	17	3072	9
H3B	6	17	3072	10
H3B	5	17	3072	11
H3B	4	17	3072	12
H3B	3	17	3072	13
H3B	2	17	3072	14
H3B	1	17	3072	15
H3T	16	17	3072	16
H3T	15	17	3072	17
H3T	14	17	3072	18
H3T	13	17	3072	19
H3T	12	17	3072	20
H3T	11	17	3072	21
H3T	10	17	3072	22
H3T	9	17	3072	23
H3T	8	17	3072	24
H3T	7	17	3072	25
H3T	6	17	3072	26
H3T	5	17	3072	27
H3T	4	17	3072	28
H3T	3	17	3072	29
H3T	2	17	3072	30
H3T	1	17	3072	31
DP2TL	1	13	2304	0
DP2TL	2	13	2304	1
DP2TL	3	13	2304	2
DP2TL	4	13	2304	3
DP2TL	5	13	2304	4
DP2TL	6	13	2304	5
DP2TL	7	13	2304	6
DP2TL	8	13	2304	7
DP2TL	9	13	2304	8
DP2TL	10	13	2304	9
DP2TL	11	13	2304	10
DP2TL	12	13	2304	11
DP2TL	13	13	2304	12
DP2TL	14	13	2304	13
DP2TL	15	13	2304	14
DP2TL	16	13	2304	15
DP2TL	17	13	2304	16
DP2TL	18	13	2304	17
DP2TL	19	13	2304	18
DP2TL	20	13	2304	19
DP2TL	21	13	2304	20
DP2TL	22	13	2304	21
DP2TL	23	13	2304	22
DP2TL	24	13	2304	23
DP2TL	25	13	2304	24
DP2TL	26	13	2304	25
DP2TL	27	13	2304	26
DP2TL	28	13	2304	27
DP2TL	29	13	2304	28
DP2TL	30	13	2304	29
DP2TL	31	13	2304	30
DP2TL	32	13	2304	31
DP2TL	33	13	2304	32
DP2TL	34	13	2304	33
DP2TL	35	13	2304	34
DP2TL	36	13	2304	35
DP2TL	37	13	2304	36
DP2TL	38	13	2304	37
DP2TL	39	13	2304	38
DP2TL	40	13	2304	39
DP2TL	41	13	2304	40
DP2TL	42	13	2304	41
DP2TL	43	13	2304	42
DP2TL	44	13	2304	43
DP2TL	45	13	2304	44
DP2TL	46	13	2304	45
DP2TL	47	13	2304	46
DP2TL	48	13	2304	47
DP2TR	1	13	2304	48
DP2TR	2	13	2304	49
DP2TR	3	13	2304	50
DP2TR	4	13	2304	51
DP2TR	5	13	2304	52
DP2TR	6	13	2304	53
DP2TR	7	13	2304	54
DP2TR	8	13	2304	55
DP2TR	9	13	2304	56
DP2TR	10	13	2304	57
DP2TR	11	13	2304	58
DP2TR	12	13	2304	59
DP2TR	13	13	2304	60
DP2TR	14	13	2304	61
DP2TR	15	13	2304	62
DP2TR	16	13	2304	63
DP2TR	17	13	2560	0
DP2TR	18	13	2560	1
DP2TR	19	13	2560	2
DP2TR	20	13	2560	3
DP2TR	21	13	2560	4
DP2TR	22	13	2560	5
DP2TR	23	13	2560	6
DP2TR	24	13	2560	7
DP2TR	25	13	2560	8
DP2TR	26	13	2560	9
DP2TR	27	13	2560	10
DP2TR	28	13	2560	11
DP2TR	29	13	2560	12
DP2TR	30	13	2560	13
DP2TR	31	13	2560	14
DP2TR	32	13	2560	15
DP2TR	33	13	2560	16
DP2TR	34	13	2560	17
DP2TR	35	13	2560	18
DP2TR	36	13	2560	19
DP2TR	37	13	2560	20
DP2TR	38	13	2560	21
DP2TR	39	13	2560	22
DP2TR	40	13	2560	23
DP2TR	41	13	2560	24
DP2TR	42	13	2560	25
DP2TR	43	13	2560	26
DP2TR	44	13	2560	27
DP2TR	45	13	2560	28
DP2TR	46	13	2560	29
DP2TR	47	13	2560	30
DP2TR	48	13	2560	31
DP2BL	1	13	2560	32
DP2BL	2	13	2560	33
DP2BL	3	13	2560	34
DP2BL	4	13	2560	35
DP2BL	5	13	2560	36
DP2BL	6	13	2560	37
DP2BL	7	13	2560	38
DP2BL	8	13	2560	39
DP2BL	9	13	2560	40
DP2BL	10	13	2560	41
DP2BL	11	13	2560	42
DP2BL	12	13	2560	43
DP2BL	13	13	2560	44
DP2BL	14	13	2560	45
DP2BL	15	13	2560	46
DP2BL	16	13	2560	47
DP2BL	17	13	2560	48
DP2BL	18	13	2560	49
DP2BL	19	13	2560	50
DP2BL	20	13	2560	51
DP2BL	21	13	2560	52
DP2BL	22	13	2560	53
DP2BL	23	13	2560	54
DP2BL	24	13	2560	55
DP2BL	25	13	2560	56
DP2BL	26	13	2560	57
DP2BL	27	13	2560	58
DP2BL	28	13	2560	59
DP2BL	29	13	2560	60
DP2BL	30	13	2560	61
DP2BL	31	13	2560	62
DP2BL	32	13	2560	63
DP2BL	33	13	2816	0
DP2BL	34	13	2816	1
DP2BL	35	13	2816	2
DP2BL	36	13	2816	3
DP2BL	37	13	2816	4
DP2BL	38	13	2816	5
DP2BL	39	13	2816	6
DP2BL	40	13	2816	7
DP2BL	41	13	2816	8
DP2BL	42	13	2816	9
DP2BL	43	13	2816	10
DP2BL	44	13	2816	11
DP2BL	45	13	2816	12
DP2BL	46	13	2816	13
DP2BL	47	13	2816	14
DP2BL	48	13	2816	15
DP2BR	1	13	2816	16
DP2BR	2	13	2816	17
DP2BR	3	13	2816	18
DP2BR	4	13	2816	19
DP2BR	5	13	2816	20
DP2BR	6	13	2816	21
DP2BR	7	13	2816	22
DP2BR	8	13	2816	23
DP2BR	9	13	2816	24
DP2BR	10	13	2816	25
DP2BR	11	13	2816	26
DP2BR	12	13	2816	27
DP2BR	13	13	2816	28
DP2BR	14	13	2816	29
DP2BR	15	13	2816	30
DP2BR	16	13	2816	31
DP2BR	17	13	2816	32
DP2BR	18	13	2816	33
DP2BR	19	13	2816	34
DP2BR	20	13	2816	35
DP2BR	21	13	2816	36
DP2BR	22	13	2816	37
DP2BR	23	13	2816	38
DP2BR	24	13	2816	39
DP2BR	25	13	2816	40
DP2BR	26	13	2816	41
DP2BR	27	13	2816	42
DP2BR	28	13	2816	43
DP2BR	29	13	2816	44
DP2BR	30	13	2816	45
DP2BR	31	13	2816	46
DP2BR	32	13	2816	47
DP2BR	33	13	2816	48
DP2BR	34	13	2816	49
DP2BR	35	13	2816	50
DP2BR	36	13	2816	51
DP2BR	37	13	2816	52
DP2BR	38	13	2816	53
DP2BR	39	13	2816	54
DP2BR	40	13	2816	55
DP2BR	41	13	2816	56
DP2BR	42	13	2816	57
DP2BR	43	13	2816	58
DP2BR	44	13	2816	59
DP2BR	45	13	2816	60
DP2BR	46	13	2816	61
DP2BR	47	13	2816	62
DP2BR	48	13	2816	63
DP1TL	1	31	2304	0
DP1TL	2	31	2304	1
DP1TL	3	31	2304	2
DP1TL	4	31	2304	3
DP1TL	5	31	2304	4
DP1TL	6	31	2304	5
DP1TL	7	31	2304	6
DP1TL	8	31	2304	7
DP1TL	9	31	2304	8
DP1TL	10	31	2304	9
DP1TL	11	31	2304	10
DP1TL	12	31	2304	11
DP1TL	13	31	2304	12
DP1TL	14	31	2304	13
DP1TL	15	31	2304	14
DP1TL	16	31	2304	15
DP1TL	17	31	2304	16
DP1TL	18	31	2304	17
DP1TL	19	31	2304	18
DP1TL	20	31	2304	19
DP1TL	21	31	2304	20
DP1TL	22	31	2304	21
DP1TL	23	31	2304	22
DP1TL	24	31	2304	23
DP1TL	25	31	2304	24
DP1TL	26	31	2304	25
DP1TL	27	31	2304	26
DP1TL	28	31	2304	27
DP1TL	29	31	2304	28
DP1TL	30	31	2304	29
DP1TL	31	31	2304	30
DP1TL	32	31	2304	31
DP1TL	33	31	2304	32
DP1TL	34	31	2304	33
DP1TL	35	31	2304	34
DP1TL	36	31	2304	35
DP1TL	37	31	2304	36
DP1TL	38	31	2304	37
DP1TL	39	31	2304	38
DP1TL	40	31	2304	39
DP1TL	41	31	2304	40
DP1TL	42	31	2304	41
DP1TL	43	31	2304	42
DP1TL	44	31	2304	43
DP1TL	45	31	2304	44
DP1TL	46	31	2304	45
DP1TL	47	31	2304	46
DP1TL	48	31	2304	47
DP1TL	49	31	2304	48
DP1TL	50	31	2304	49
DP1TL	51	31	2304	50
DP1TL	52	31	2304	51
DP1TL	53	31	2304	52
DP1TL	54	31	2304	53
DP1TL	55	31	2304	54
DP1TL	56	31	2304	55
DP1TL	57	31	2304	56
DP1TL	58	31	2304	57
DP1TL	59	31	2304	58
DP1TL	60	31	2304	59
DP1TL	61	31	2304	60
DP1TL	62	31	2304	61
DP1TL	63	31	2304	62
DP1TL	64	31	2304	63
DP1TL	65	31	2560	0
DP1TL	66	31	2560	1
DP1TL	67	31	2560	2
DP1TL	68	31	2560	3
DP1TL	69	31	2560	4
DP1TL	70	31	2560	5
DP1TL	71	31	2560	6
DP1TL	72	31	2560	7
DP1TL	73	31	2560	8
DP1TL	74	31	2560	9
DP1TL	75	31	2560	10
DP1TL	76	31	2560	11
DP1TL	77	31	2560	12
DP1TL	78	31	2560	13
DP1TL	79	31	2560	14
DP1TL	80	31	2560	15
DP1TR	1	31	2560	16
DP1TR	2	31	2560	17
DP1TR	3	31	2560	18
DP1TR	4	31	2560	19
DP1TR	5	31	2560	20
DP1TR	6	31	2560	21
DP1TR	7	31	2560	22
DP1TR	8	31	2560	23
DP1TR	9	31	2560	24
DP1TR	10	31	2560	25
DP1TR	11	31	2560	26
DP1TR	12	31	2560	27
DP1TR	13	31	2560	28
DP1TR	14	31	2560	29
DP1TR	15	31	2560	30
DP1TR	16	31	2560	31
DP1TR	17	31	2560	32
DP1TR	18	31	2560	33
DP1TR	19	31	2560	34
DP1TR	20	31	2560	35
DP1TR	21	31	2560	36
DP1TR	22	31	2560	37
DP1TR	23	31	2560	38
DP1TR	24	31	2560	39
DP1TR	25	31	2560	40
DP1TR	26	31	2560	41
DP1TR	27	31	2560	42
DP1TR	28	31	2560	43
DP1TR	29	31	2560	44
DP1TR	30	31	2560	45
DP1TR	31	31	2560	46
DP1TR	32	31	2560	47
DP1TR	33	31	2560	48
DP1TR	34	31	2560	49
DP1TR	35	31	2560	50
DP1TR	36	31	2560	51
DP1TR	37	31	2560	52
DP1TR	38	31	2560	53
DP1TR	39	31	2560	54
DP1TR	40	31	2560	55
DP1TR	41	31	2560	56
DP1TR	42	31	2560	57
DP1TR	43	31	2560	58
DP1TR	44	31	2560	59
DP1TR	45	31	2560	60
DP1TR	46	31	2560	61
DP1TR	47	31	2560	62
DP1TR	48	31	2560	63
DP1TR	49	31	2816	0
DP1TR	50	31	2816	1
DP1TR	51	31	2816	2
DP1TR	52	31	2816	3
DP1TR	53	31	2816	4
DP1TR	54	31	2816	5
DP1TR	55	31	2816	6
DP1TR	56	31	2816	7
DP1TR	57	31	2816	8
DP1TR	58	31	2816	9
DP1TR	59	31	2816	10
DP1TR	60	31	2816	11
DP1TR	61	31	2816	12
DP1TR	62	31	2816	13
DP1TR	63	31	2816	14
DP1TR	64	31	2816	15
DP1TR	65	31	2816	16
DP1TR	66	31	2816	17
DP1TR	67	31	2816	18
DP1TR	68	31	2816	19
DP1TR	69	31	2816	20
DP1TR	70	31	2816	21
DP1TR	71	31	2816	22
DP1TR	72	31	2816	23
DP1TR	73	31	2816	24
DP1TR	74	31	2816	25
DP1TR	75	31	2816	26
DP1TR	76	31	2816	27
DP1TR	77	31	2816	28
DP1TR	78	31	2816	29
DP1TR	79	31	2816	30
DP1TR	80	31	2816	31
DP1BL	1	31	2816	32
DP1BL	2	31	2816	33
DP1BL	3	31	2816	34
DP1BL	4	31	2816	35
DP1BL	5	31	2816	36
DP1BL	6	31	2816	37
DP1BL	7	31	2816	38
DP1BL	8	31	2816	39
DP1BL	9	31	2816	40
DP1BL	10	31	2816	41
DP1BL	11	31	2816	42
DP1BL	12	31	2816	43
DP1BL	13	31	2816	44
DP1BL	14	31	2816	45
DP1BL	15	31	2816	46
DP1BL	16	31	2816	47
DP1BL	17	31	2816	48
DP1BL	18	31	2816	49
DP1BL	19	31	2816	50
DP1BL	20	31	2816	51
DP1BL	21	31	2816	52
DP1BL	22	31	2816	53
DP1BL	23	31	2816	54
DP1BL	24	31	2816	55
DP1BL	25	31	2816	56
DP1BL	26	31	2816	57
DP1BL	27	31	2816	58
DP1BL	28	31	2816	59
DP1BL	29	31	2816	60
DP1BL	30	31	2816	61
DP1BL	31	31	2816	62
DP1BL	32	31	2816	63
DP1BL	33	31	3072	0
DP1BL	34	31	3072	1
DP1BL	35	31	3072	2
DP1BL	36	31	3072	3
DP1BL	37	31	3072	4
DP1BL	38	31	3072	5
DP1BL	39	31	3072	6
DP1BL	40	31	3072	7
DP1BL	41	31	3072	8
DP1BL	42	31	3072	9
DP1BL	43	31	3072	10
DP1BL	44	31	3072	11
DP1BL	45	31	3072	12
DP1BL	46	31	3072	13
DP1BL	47	31	3072	14
DP1BL	48	31	3072	15
DP1BL	49	31	3072	16
DP1BL	50	31	3072	17
DP1BL	51	31	3072	18
DP1BL	52	31	3072	19
DP1BL	53	31	3072	20
DP1BL	54	31	3072	21
DP1BL	55	31	3072	22
DP1BL	56	31	3072	23
DP1BL	57	31	3072	24
DP1BL	58	31	3072	25
DP1BL	59	31	3072	26
DP1BL	60	31	3072	27
DP1BL	61	31	3072	28
DP1BL	62	31	3072	29
DP1BL	63	31	3072	30
DP1BL	64	31	3072	31
DP1BL	65	31	3072	32
DP1BL	66	31	3072	33
DP1BL	67	31	3072	34
DP1BL	68	31	3072	35
DP1BL	69	31	3072	36
DP1BL	70	31	3072	37
DP1BL	71	31	3072	38
DP1BL	72	31	3072	39
DP1BL	73	31	3072	40
DP1BL	74	31	3072	41
DP1BL	75	31	3072	42
DP1BL	76	31	3072	43
DP1BL	77	31	3072	44
DP1BL	78	31	3072	45
DP1BL	79	31	3072	46
DP1BL	80	31	3072	47
DP1BR	1	31	3072	48
DP1BR	2	31	3072	49
DP1BR	3	31	3072	50
DP1BR	4	31	3072	51
DP1BR	5	31	3072	52
DP1BR	6	31	3072	53
DP1BR	7	31	3072	54
DP1BR	8	31	3072	55
DP1BR	9	31	3072	56
DP1BR	10	31	3072	57
DP1BR	11	31	3072	58
DP1BR	12	31	3072	59
DP1BR	13	31	3072	60
DP1BR	14	31	3072	61
DP1BR	15	31	3072	62
DP1BR	16	31	3072	63
DP1BR	17	31	3328	0
DP1BR	18	31	3328	1
DP1BR	19	31	3328	2
DP1BR	20	31	3328	3
DP1BR	21	31	3328	4
DP1BR	22	31	3328	5
DP1BR	23	31	3328	6
DP1BR	24	31	3328	7
DP1BR	25	31	3328	8
DP1BR	26	31	3328	9
DP1BR	27	31	3328	10
DP1BR	28	31	3328	11
DP1BR	29	31	3328	12
DP1BR	30	31	3328	13
DP1BR	31	31	3328	14
DP1BR	32	31	3328	15
DP1BR	33	31	3328	16
DP1BR	34	31	3328	17
DP1BR	35	31	3328	18
DP1BR	36	31	3328	19
DP1BR	37	31	3328	20
DP1BR	38	31	3328	21
DP1BR	39	31	3328	22
DP1BR	40	31	3328	23
DP1BR	41	31	3328	24
DP1BR	42	31	3328	25
DP1BR	43	31	3328	26
DP1BR	44	31	3328	27
DP1BR	45	31	3328	28
DP1BR	46	31	3328	29
DP1BR	47	31	3328	30
DP1BR	48	31	3328	31
DP1BR	49	31	3328	32
DP1BR	50	31	3328	33
DP1BR	51	31	3328	34
DP1BR	52	31	3328	35
DP1BR	53	31	3328	36
DP1BR	54	31	3328	37
DP1BR	55	31	3328	38
DP1BR	56	31	3328	39
DP1BR	57	31	3328	40
DP1BR	58	31	3328	41
DP1BR	59	31	3328	42
DP1BR	60	31	3328	43
DP1BR	61	31	3328	44
DP1BR	62	31	3328	45
DP1BR	63	31	3328	46
DP1BR	64	31	3328	47
DP1BR	65	31	3328	48
DP1BR	66	31	3328	49
DP1BR	67	31	3328	50
DP1BR	68	31	3328	51
DP1BR	69	31	3328	52
DP1BR	70	31	3328	53
DP1BR	71	31	3328	54
DP1BR	72	31	3328	55
DP1BR	73	31	3328	56
DP1BR	74	31	3328	57
DP1BR	75	31	3328	58
DP1BR	76	31	3328	59
DP1BR	77	31	3328	60
DP1BR	78	31	3328	61
DP1BR	79	31	3328	62
DP1BR	80	31	3328	63
L1	0	14	3328	0
BeforeInhNIM	1	14	3328	1
BeforeInhNIM	2	14	3328	2
BeforeInhNIM	3	14	3328	3
BeforeInhNIM	4	14	3328	4
BeforeInhNIM	5	14	3328	5
BeforeInhMatrix	1	14	3328	6
BeforeInhMatrix	2	14	3328	7
BeforeInhMatrix	3	14	3328	8
BeforeInhMatrix	4	14	3328	9
BeforeInhMatrix	5	14	3328	10
BOS	0	14	3328	11
EOS	0	14	3328	12
RF	0	14	3328	13
AfterInhNIM	1	14	3328	16
AfterInhNIM	2	14	3328	17
AfterInhMatrix	1	14	3328	18
AfterInhMatrix	2	14	3328	19
AfterInhMatrix	3	14	3328	20
AfterInhMatrix	4	14	3328	21
AfterInhMatrix	5	14	3328	22
D0U	1	26	2816	63
D0U	2	26	2816	62
D0U	3	26	2816	61
D0U	4	26	2816	60
D0U	5	26	2816	59
D0U	6	26	2816	58
D0U	7	26	2816	57
D0U	8	26	2816	56
D0U	9	26	2816	55
D0U	10	26	2816	54
D0U	11	26	2816	53
D0U	12	26	2816	52
D0U	13	26	2816	51
D0U	14	26	2816	50
D0U	15	26	2816	49
D0U	16	26	2816	48
D0U	17	26	2816	47
D0U	18	26	2816	46
D0U	19	26	2816	45
D0U	20	26	2816	44
D0U	21	26	2816	43
D0U	22	26	2816	42
D0U	23	26	2816	41
D0U	24	26	2816	40
D0U	25	26	2816	39
D0U	26	26	2816	38
D0U	27	26	2816	37
D0U	28	26	2816	36
D0U	29	26	2816	35
D0U	30	26	2816	34
D0U	31	26	2816	33
D0U	32	26	2816	32
D0U	33	26	2816	31
D0U	34	26	2816	30
D0U	35	26	2816	29
D0U	36	26	2816	28
D0U	37	26	2816	27
D0U	38	26	2816	26
D0U	39	26	2816	25
D0U	40	26	2816	24
D0U	41	26	2816	23
D0U	42	26	2816	22
D0U	43	26	2816	21
D0U	44	26	2816	20
D0U	45	26	2816	19
D0U	46	26	2816	18
D0U	47	26	2816	17
D0U	48	26	2816	16
D0U	49	26	2816	15
D0U	50	26	2816	14
D0U	51	26	2816	13
D0U	52	26	2816	12
D0U	53	26	2816	11
D0U	54	26	2816	10
D0U	55	26	2816	9
D0U	56	26	2816	8
D0U	57	26	2816	7
D0U	58	26	2816	6
D0U	59	26	2816	5
D0U	60	26	2816	4
D0U	61	26	2816	3
D0U	62	26	2816	2
D0U	63	26	2816	1
D0U	64	26	2816	0
D0U	65	26	2560	63
D0U	66	26	2560	62
D0U	67	26	2560	61
D0U	68	26	2560	60
D0U	69	26	2560	59
D0U	70	26	2560	58
D0U	71	26	2560	57
D0U	72	26	2560	56
D0U	73	26	2560	55
D0U	74	26	2560	54
D0U	75	26	2560	53
D0U	76	26	2560	52
D0U	77	26	2560	51
D0U	78	26	2560	50
D0U	79	26	2560	49
D0U	80	26	2560	48
D0U	81	26	2560	47
D0U	82	26	2560	46
D0U	83	26	2560	45
D0U	84	26	2560	44
D0U	85	26	2560	43
D0U	86	26	2560	42
D0U	87	26	2560	41
D0U	88	26	2560	40
D0U	89	26	2560	39
D0U	90	26	2560	38
D0U	91	26	2560	37
D0U	92	26	2560	36
D0U	93	26	2560	35
D0U	94	26	2560	34
D0U	95	26	2560	33
D0U	96	26	2560	32
D0U	97	26	3840	7
D0U	98	26	3840	6
D0U	99	26	3840	5
D0U	100	26	3840	4
D0U	101	26	3840	3
D0U	102	26	3840	12
D0U	103	26	3840	13
D0U	104	26	3840	14
D0U	105	26	3840	15
D0U	106	26	2304	0
D0U	107	26	2304	1
D0U	108	26	2304	2
D0U	109	26	2304	3
D0U	110	26	2304	4
D0U	111	26	2304	5
D0U	112	26	2304	6
D0U	113	26	2304	7
D0U	114	26	2304	8
D0U	115	26	2304	9
D0U	116	26	2304	10
D0U	117	26	2304	11
D0U	118	26	2304	12
D0U	119	26	2304	13
D0U	120	26	2304	14
D0U	121	26	2304	15
D0U	122	26	2304	16
D0U	123	26	2304	17
D0U	124	26	2304	18
D0U	125	26	2304	19
D0U	126	26	2304	20
D0U	127	26	2304	21
D0U	128	26	2304	22
D0U	129	26	2304	23
D0U	130	26	2304	24
D0U	131	26	2304	25
D0U	132	26	2304	26
D0U	133	26	2304	27
D0U	134	26	2304	28
D0U	135	26	2304	29
D0U	136	26	2304	30
D0U	137	26	2304	31
D0U	138	26	2304	32
D0U	139	26	2304	33
D0U	140	26	2304	34
D0U	141	26	2304	35
D0U	142	26	2304	36
D0U	143	26	2304	37
D0U	144	26	2304	38
D0U	145	26	2304	39
D0U	146	26	2304	40
D0U	147	26	2304	41
D0U	148	26	2304	42
D0U	149	26	2304	43
D0U	150	26	2304	44
D0U	151	26	2304	45
D0U	152	26	2304	46
D0U	153	26	2304	47
D0U	154	26	2304	48
D0U	155	26	2304	49
D0U	156	26	2304	50
D0U	157	26	2304	51
D0U	158	26	2304	52
D0U	159	26	2304	53
D0U	160	26	2304	54
D0U	161	26	2304	55
D0U	162	26	2304	56
D0U	163	26	2304	57
D0U	164	26	2304	58
D0U	165	26	2304	59
D0U	166	26	2304	60
D0U	167	26	2304	61
D0U	168	26	2304	62
D0U	169	26	2304	63
D0U	170	26	2560	0
D0U	171	26	2560	1
D0U	172	26	2560	2
D0U	173	26	2560	3
D0U	174	26	2560	4
D0U	175	26	2560	5
D0U	176	26	2560	6
D0U	177	26	2560	7
D0U	178	26	2560	8
D0U	179	26	2560	9
D0U	180	26	2560	10
D0U	181	26	2560	11
D0U	182	26	2560	12
D0U	183	26	2560	13
D0U	184	26	2560	14
D0U	185	26	2560	15
D0U	186	26	2560	16
D0U	187	26	2560	17
D0U	188	26	2560	18
D0U	189	26	2560	19
D0U	190	26	2560	20
D0U	191	26	2560	21
D0U	192	26	2560	22
D0U	193	26	2560	23
D0U	194	26	2560	24
D0U	195	26	2560	25
D0U	196	26	2560	26
D0U	197	26	2560	27
D0U	198	26	2560	28
D0U	199	26	2560	29
D0U	200	26	2560	30
D0U	201	26	2560	31
D0Up	1	26	3584	56
D0Up	2	26	3584	57
D0Up	3	26	3584	58
D0Up	4	26	3584	59
D0Up	5	26	3584	60
D0Up	6	26	3584	61
D0Up	7	26	3584	62
D0Up	8	26	3584	63
D0Up	9	26	3584	48
D0Up	10	26	3584	49
D0Up	11	26	3584	50
D0Up	12	26	3584	51
D0Up	13	26	3584	52
D0Up	14	26	3584	53
D0Up	15	26	3584	54
D0Up	16	26	3584	55
D0Up	17	26	3584	40
D0Up	18	26	3584	41
D0Up	19	26	3584	42
D0Up	20	26	3584	43
D0Up	21	26	3584	44
D0Up	22	26	3584	45
D0Up	23	26	3584	46
D0Up	24	26	3584	47
D0Up	25	26	3584	32
D0Up	26	26	3584	33
D0Up	27	26	3584	34
D0Up	28	26	3584	35
D0Up	29	26	3584	36
D0Up	30	26	3584	37
D0Up	31	26	3584	38
D0Up	32	26	3584	39
D0Up	33	26	3584	24
D0Up	34	26	3584	25
D0Up	35	26	3584	26
D0Up	36	26	3584	27
D0Up	37	26	3584	28
D0Up	38	26	3584	29
D0Up	39	26	3584	30
D0Up	40	26	3584	31
D0Up	41	26	3584	16
D0Up	42	26	3584	17
D0Up	43	26	3584	18
D0Up	44	26	3584	19
D0Up	45	26	3584	20
D0Up	46	26	3584	21
D0Up	47	26	3584	22
D0Up	48	26	3584	23
D0Up	49	26	3584	8
D0Up	50	26	3584	9
D0Up	51	26	3584	10
D0Up	52	26	3584	11
D0Up	53	26	3584	12
D0Up	54	26	3584	13
D0Up	55	26	3584	14
D0Up	56	26	3584	15
D0Up	57	26	3584	0
D0Up	58	26	3584	1
D0Up	59	26	3584	2
D0Up	60	26	3584	3
D0Up	61	26	3584	4
D0Up	62	26	3584	5
D0Up	63	26	3584	6
D0Up	64	26	3584	7
D0Up	65	26	3328	56
D0Up	66	26	3328	57
D0Up	67	26	3328	58
D0Up	68	26	3328	59
D0Up	69	26	3328	60
D0Up	70	26	3328	61
D0Up	71	26	3328	62
D0Up	72	26	3328	63
D0Up	73	26	3328	48
D0Up	74	26	3328	49
D0Up	75	26	3328	50
D0Up	76	26	3328	51
D0Up	77	26	3328	52
D0Up	78	26	3328	53
D0Up	79	26	3328	54
D0Up	80	26	3328	55
D0Up	81	26	3328	40
D0Up	82	26	3328	41
D0Up	83	26	3328	42
D0Up	84	26	3328	43
D0Up	85	26	3328	44
D0Up	86	26	3328	45
D0Up	87	26	3328	46
D0Up	88	26	3328	47
D0Up	89	26	3328	32
D0Up	90	26	3328	33
D0Up	91	26	3328	34
D0Up	92	26	3328	35
D0Up	93	26	3328	36
D0Up	94	26	3328	37
D0Up	95	26	3328	38
D0Up	96	26	3328	39
D0Up	97	26	3840	16
D0Up	98	26	3840	17
D0Up	99	26	3840	18
D0Up	100	26	3840	19
D0Up	101	26	3840	20
D0Up	102	26	3840	27
D0Up	103	26	3840	26
D0Up	104	26	3840	25
D0Up	105	26	3840	24
D0Up	106	26	3072	7
D0Up	107	26	3072	6
D0Up	108	26	3072	5
D0Up	109	26	3072	4
D0Up	110	26	3072	3
D0Up	111	26	3072	2
D0Up	112	26	3072	1
D0Up	113	26	3072	0
D0Up	114	26	3072	15
D0Up	115	26	3072	14
D0Up	116	26	3072	13
D0Up	117	26	3072	12
D0Up	118	26	3072	11
D0Up	119	26	3072	10
D0Up	120	26	3072	9
D0Up	121	26	3072	8
D0Up	122	26	3072	23
D0Up	123	26	3072	22
D0Up	124	26	3072	21
D0Up	125	26	3072	20
D0Up	126	26	3072	19
D0Up	127	26	3072	18
D0Up	128	26	3072	17
D0Up	129	26	3072	16
D0Up	130	26	3072	31
D0Up	131	26	3072	30
D0Up	132	26	3072	29
D0Up	133	26	3072	28
D0Up	134	26	3072	27
D0Up	135	26	3072	26
D0Up	136	26	3072	25
D0Up	137	26	3072	24
D0Up	138	26	3072	39
D0Up	139	26	3072	38
D0Up	140	26	3072	37
D0Up	141	26	3072	36
D0Up	142	26	3072	35
D0Up	143	26	3072	34
D0Up	144	26	3072	33
D0Up	145	26	3072	32
D0Up	146	26	3072	47
D0Up	147	26	3072	46
D0Up	148	26	3072	45
D0Up	149	26	3072	44
D0Up	150	26	3072	43
D0Up	151	26	3072	42
D0Up	152	26	3072	41
D0Up	153	26	3072	40
D0Up	154	26	3072	55
D0Up	155	26	3072	54
D0Up	156	26	3072	53
D0Up	157	26	3072	52
D0Up	158	26	3072	51
D0Up	159	26	3072	50
D0Up	160	26	3072	49
D0Up	161	26	3072	48
D0Up	162	26	3072	63
D0Up	163	26	3072	62
D0Up	164	26	3072	61
D0Up	165	26	3072	60
D0Up	166	26	3072	59
D0Up	167	26	3072	58
D0Up	168	26	3072	57
D0Up	169	26	3072	56
D0Up	170	26	3328	7
D0Up	171	26	3328	6
D0Up	172	26	3328	5
D0Up	173	26	3328	4
D0Up	174	26	3328	3
D0Up	175	26	3328	2
D0Up	176	26	3328	1
D0Up	177	26	3328	0
D0Up	178	26	3328	15
D0Up	179	26	3328	14
D0Up	180	26	3328	13
D0Up	181	26	3328	12
D0Up	182	26	3328	11
D0Up	183	26	3328	10
D0Up	184	26	3328	9
D0Up	185	26	3328	8
D0Up	186	26	3328	23
D0Up	187	26	3328	22
D0Up	188	26	3328	21
D0Up	189	26	3328	20
D0Up	190	26	3328	19
D0Up	191	26	3328	18
D0Up	192	26	3328	17
D0Up	193	26	3328	16
D0Up	194	26	3328	31
D0Up	195	26	3328	30
D0Up	196	26	3328	29
D0Up	197	26	3328	28
D0Up	198	26	3328	27
D0Up	199	26	3328	26
D0Up	200	26	3328	25
D0Up	201	26	3328	24
D0X	1	28	3072	56
D0X	2	28	3072	57
D0X	3	28	3072	58
D0X	4	28	3072	59
D0X	5	28	3072	60
D0X	6	28	3072	61
D0X	7	28	3072	62
D0X	8	28	3072	63
D0X	9	28	3072	48
D0X	10	28	3072	49
D0X	11	28	3072	50
D0X	12	28	3072	51
D0X	13	28	3072	52
D0X	14	28	3072	53
D0X	15	28	3072	54
D0X	16	28	3072	55
D0X	17	28	3072	40
D0X	18	28	3072	41
D0X	19	28	3072	42
D0X	20	28	3072	43
D0X	21	28	3072	44
D0X	22	28	3072	45
D0X	23	28	3072	46
D0X	24	28	3072	47
D0X	25	28	3072	32
D0X	26	28	3072	33
D0X	27	28	3072	34
D0X	28	28	3072	35
D0X	29	28	3072	36
D0X	30	28	3072	37
D0X	31	28	3072	38
D0X	32	28	3072	39
D0X	33	28	3072	24
D0X	34	28	3072	25
D0X	35	28	3072	26
D0X	36	28	3072	27
D0X	37	28	3072	28
D0X	38	28	3072	29
D0X	39	28	3072	30
D0X	40	28	3072	31
D0X	41	28	3072	16
D0X	42	28	3072	17
D0X	43	28	3072	18
D0X	44	28	3072	19
D0X	45	28	3072	20
D0X	46	28	3072	21
D0X	47	28	3072	22
D0X	48	28	3072	23
D0X	49	28	3072	8
D0X	50	28	3072	9
D0X	51	28	3072	10
D0X	52	28	3072	11
D0X	53	28	3072	12
D0X	54	28	3072	13
D0X	55	28	3072	14
D0X	56	28	3072	15
D0X	57	28	3072	0
D0X	58	28	3072	1
D0X	59	28	3072	2
D0X	60	28	3072	3
D0X	61	28	3072	4
D0X	62	28	3072	5
D0X	63	28	3072	6
D0X	64	28	3072	7
D0X	65	28	3328	56
D0X	66	28	3328	57
D0X	67	28	3328	58
D0X	68	28	3328	59
D0X	69	28	3328	60
D0X	70	28	3328	61
D0X	71	28	3328	62
D0X	72	28	3328	63
D0X	73	28	3328	48
D0X	74	28	3328	49
D0X	75	28	3328	50
D0X	76	28	3328	51
D0X	77	28	3328	52
D0X	78	28	3328	53
D0X	79	28	3328	54
D0X	80	28	3328	55
D0X	81	28	3328	40
D0X	82	28	3328	41
D0X	83	28	3328	42
D0X	84	28	3328	43
D0X	85	28	3328	44
D0X	86	28	3328	45
D0X	87	28	3328	46
D0X	88	28	3328	47
D0X	89	28	3328	32
D0X	90	28	3328	33
D0X	91	28	3328	34
D0X	92	28	3328	35
D0X	93	28	3328	36
D0X	94	28	3328	37
D0X	95	28	3328	38
D0X	96	28	3328	39
D0X	97	28	3328	24
D0X	98	28	3328	25
D0X	99	28	3328	26
D0X	100	28	3328	27
D0X	101	28	3328	28
D0X	102	28	3328	29
D0X	103	28	3328	30
D0X	104	28	3328	31
D0X	105	28	3328	16
D0X	106	28	3328	17
D0X	107	28	3328	18
D0X	108	28	3328	19
D0X	109	28	3328	20
D0X	110	28	3328	21
D0X	111	28	3328	22
D0X	112	28	3328	23
D0X	113	28	3328	8
D0X	114	28	3328	9
D0X	115	28	3328	10
D0X	116	28	3328	11
D0X	117	28	3328	12
D0X	118	28	3328	13
D0X	119	28	3328	14
D0X	120	28	3328	15
D0X	121	28	3328	0
D0X	122	28	3328	1
D0X	123	28	3328	2
D0X	124	28	3328	3
D0X	125	28	3328	4
D0X	126	28	3328	5
D0X	127	28	3328	6
D0X	128	28	3328	7
D0X	129	28	2816	56
D0X	130	28	2816	57
D0X	131	28	2816	58
D0X	132	28	2816	59
D0X	133	28	2816	60
D0X	134	28	2816	61
D0X	135	28	2816	62
D0X	136	28	2816	63
D0X	137	28	2816	48
D0X	138	28	2816	49
D0X	139	28	2816	50
D0X	140	28	2816	51
D0X	141	28	2816	52
D0X	142	28	2816	53
D0X	143	28	2816	54
D0X	144	28	2816	55
D0X	145	28	2816	40
D0X	146	28	2816	41
D0X	147	28	2816	42
D0X	148	28	2816	43
D0X	149	28	2816	44
D0X	150	28	2816	45
D0X	151	28	2816	46
D0X	152	28	2816	47
D0X	153	28	2816	32
D0X	154	28	2816	33
D0X	155	28	2816	34
D0X	156	28	2816	35
D0X	157	28	2816	36
D0X	158	28	2816	37
D0X	159	28	2816	38
D0X	160	28	2816	39
D0Xp	1	28	2304	7
D0Xp	2	28	2304	6
D0Xp	3	28	2304	5
D0Xp	4	28	2304	4
D0Xp	5	28	2304	3
D0Xp	6	28	2304	2
D0Xp	7	28	2304	1
D0Xp	8	28	2304	0
D0Xp	9	28	2304	15
D0Xp	10	28	2304	14
D0Xp	11	28	2304	13
D0Xp	12	28	2304	12
D0Xp	13	28	2304	11
D0Xp	14	28	2304	10
D0Xp	15	28	2304	9
D0Xp	16	28	2304	8
D0Xp	17	28	2304	23
D0Xp	18	28	2304	22
D0Xp	19	28	2304	21
D0Xp	20	28	2304	20
D0Xp	21	28	2304	19
D0Xp	22	28	2304	18
D0Xp	23	28	2304	17
D0Xp	24	28	2304	16
D0Xp	25	28	2304	31
D0Xp	26	28	2304	30
D0Xp	27	28	2304	29
D0Xp	28	28	2304	28
D0Xp	29	28	2304	27
D0Xp	30	28	2304	26
D0Xp	31	28	2304	25
D0Xp	32	28	2304	24
D0Xp	33	28	2304	39
D0Xp	34	28	2304	38
D0Xp	35	28	2304	37
D0Xp	36	28	2304	36
D0Xp	37	28	2304	35
D0Xp	38	28	2304	34
D0Xp	39	28	2304	33
D0Xp	40	28	2304	32
D0Xp	41	28	2304	47
D0Xp	42	28	2304	46
D0Xp	43	28	2304	45
D0Xp	44	28	2304	44
D0Xp	45	28	2304	43
D0Xp	46	28	2304	42
D0Xp	47	28	2304	41
D0Xp	48	28	2304	40
D0Xp	49	28	2304	55
D0Xp	50	28	2304	54
D0Xp	51	28	2304	53
D0Xp	52	28	2304	52
D0Xp	53	28	2304	51
D0Xp	54	28	2304	50
D0Xp	55	28	2304	49
D0Xp	56	28	2304	48
D0Xp	57	28	2304	63
D0Xp	58	28	2304	62
D0Xp	59	28	2304	61
D0Xp	60	28	2304	60
D0Xp	61	28	2304	59
D0Xp	62	28	2304	58
D0Xp	63	28	2304	57
D0Xp	64	28	2304	56
D0Xp	65	28	2560	7
D0Xp	66	28	2560	6
D0Xp	67	28	2560	5
D0Xp	68	28	2560	4
D0Xp	69	28	2560	3
D0Xp	70	28	2560	2
D0Xp	71	28	2560	1
D0Xp	72	28	2560	0
D0Xp	73	28	2560	15
D0Xp	74	28	2560	14
D0Xp	75	28	2560	13
D0Xp	76	28	2560	12
D0Xp	77	28	2560	11
D0Xp	78	28	2560	10
D0Xp	79	28	2560	9
D0Xp	80	28	2560	8
D0Xp	81	28	2560	23
D0Xp	82	28	2560	22
D0Xp	83	28	2560	21
D0Xp	84	28	2560	20
D0Xp	85	28	2560	19
D0Xp	86	28	2560	18
D0Xp	87	28	2560	17
D0Xp	88	28	2560	16
D0Xp	89	28	2560	31
D0Xp	90	28	2560	30
D0Xp	91	28	2560	29
D0Xp	92	28	2560	28
D0Xp	93	28	2560	27
D0Xp	94	28	2560	26
D0Xp	95	28	2560	25
D0Xp	96	28	2560	24
D0Xp	97	28	2560	39
D0Xp	98	28	2560	38
D0Xp	99	28	2560	37
D0Xp	100	28	2560	36
D0Xp	101	28	2560	35
D0Xp	102	28	2560	34
D0Xp	103	28	2560	33
D0Xp	104	28	2560	32
D0Xp	105	28	2560	47
D0Xp	106	28	2560	46
D0Xp	107	28	2560	45
D0Xp	108	28	2560	44
D0Xp	109	28	2560	43
D0Xp	110	28	2560	42
D0Xp	111	28	2560	41
D0Xp	112	28	2560	40
D0Xp	113	28	2560	55
D0Xp	114	28	2560	54
D0Xp	115	28	2560	53
D0Xp	116	28	2560	52
D0Xp	117	28	2560	51
D0Xp	118	28	2560	50
D0Xp	119	28	2560	49
D0Xp	120	28	2560	48
D0Xp	121	28	2560	63
D0Xp	122	28	2560	62
D0Xp	123	28	2560	61
D0Xp	124	28	2560	60
D0Xp	125	28	2560	59
D0Xp	126	28	2560	58
D0Xp	127	28	2560	57
D0Xp	128	28	2560	56
D0Xp	129	28	2816	7
D0Xp	130	28	2816	6
D0Xp	131	28	2816	5
D0Xp	132	28	2816	4
D0Xp	133	28	2816	3
D0Xp	134	28	2816	2
D0Xp	135	28	2816	1
D0Xp	136	28	2816	0
D0Xp	137	28	2816	15
D0Xp	138	28	2816	14
D0Xp	139	28	2816	13
D0Xp	140	28	2816	12
D0Xp	141	28	2816	11
D0Xp	142	28	2816	10
D0Xp	143	28	2816	9
D0Xp	144	28	2816	8
D0Xp	145	28	2816	23
D0Xp	146	28	2816	22
D0Xp	147	28	2816	21
D0Xp	148	28	2816	20
D0Xp	149	28	2816	19
D0Xp	150	28	2816	18
D0Xp	151	28	2816	17
D0Xp	152	28	2816	16
D0Xp	153	28	2816	31
D0Xp	154	28	2816	30
D0Xp	155	28	2816	29
D0Xp	156	28	2816	28
D0Xp	157	28	2816	27
D0Xp	158	28	2816	26
D0Xp	159	28	2816	25
D0Xp	160	28	2816	24
D0V	1	30	2304	0
D0V	2	30	2304	1
D0V	3	30	2304	2
D0V	4	30	2304	3
D0V	5	30	2304	4
D0V	6	30	2304	5
D0V	7	30	2304	6
D0V	8	30	2304	7
D0V	9	30	2304	8
D0V	10	30	2304	9
D0V	11	30	2304	10
D0V	12	30	2304	11
D0V	13	30	2304	12
D0V	14	30	2304	13
D0V	15	30	2304	14
D0V	16	30	2304	15
D0V	17	30	2304	16
D0V	18	30	2304	17
D0V	19	30	2304	18
D0V	20	30	2304	19
D0V	21	30	2304	20
D0V	22	30	2304	21
D0V	23	30	2304	22
D0V	24	30	2304	23
D0V	25	30	2304	24
D0V	26	30	2304	25
D0V	27	30	2304	26
D0V	28	30	2304	27
D0V	29	30	2304	28
D0V	30	30	2304	29
D0V	31	30	2304	30
D0V	32	30	2304	31
D0V	33	30	2304	32
D0V	34	30	2304	33
D0V	35	30	2304	34
D0V	36	30	2304	35
D0V	37	30	2304	36
D0V	38	30	2304	37
D0V	39	30	2304	38
D0V	40	30	2304	39
D0V	41	30	2304	40
D0V	42	30	2304	41
D0V	43	30	2304	42
D0V	44	30	2304	43
D0V	45	30	2304	44
D0V	46	30	2304	45
D0V	47	30	2304	46
D0V	48	30	2304	47
D0V	49	30	2304	48
D0V	50	30	2304	49
D0V	51	30	2304	50
D0V	52	30	2304	51
D0V	53	30	2304	52
D0V	54	30	2304	53
D0V	55	30	2304	54
D0V	56	30	2304	55
D0V	57	30	2304	56
D0V	58	30	2304	57
D0V	59	30	2304	58
D0V	60	30	2304	59
D0V	61	30	2304	60
D0V	62	30	2304	61
D0V	63	30	2304	62
D0V	64	30	2304	63
D0V	65	30	2560	0
D0V	66	30	2560	1
D0V	67	30	2560	2
D0V	68	30	2560	3
D0V	69	30	2560	4
D0V	70	30	2560	5
D0V	71	30	2560	6
D0V	72	30	2560	7
D0V	73	30	2560	8
D0V	74	30	2560	9
D0V	75	30	2560	10
D0V	76	30	2560	11
D0V	77	30	2560	12
D0V	78	30	2560	13
D0V	79	30	2560	14
D0V	80	30	2560	15
D0V	81	30	2560	16
D0V	82	30	2560	17
D0V	83	30	2560	18
D0V	84	30	2560	19
D0V	85	30	2560	20
D0V	86	30	2560	21
D0V	87	30	2560	22
D0V	88	30	2560	23
D0V	89	30	2560	24
D0V	90	30	2560	25
D0V	91	30	2560	26
D0V	92	30	2560	27
D0V	93	30	2560	28
D0V	94	30	2560	29
D0V	95	30	2560	30
D0V	96	30	2560	31
D0V	97	30	3840	8
D0V	98	30	3840	9
D0V	99	30	3840	10
D0V	100	30	3840	11
D0V	101	30	3840	4
D0V	102	30	3840	3
D0V	103	30	3840	2
D0V	104	30	3840	1
D0V	105	30	3840	0
D0V	106	30	2816	63
D0V	107	30	2816	62
D0V	108	30	2816	61
D0V	109	30	2816	60
D0V	110	30	2816	59
D0V	111	30	2816	58
D0V	112	30	2816	57
D0V	113	30	2816	56
D0V	114	30	2816	55
D0V	115	30	2816	54
D0V	116	30	2816	53
D0V	117	30	2816	52
D0V	118	30	2816	51
D0V	119	30	2816	50
D0V	120	30	2816	49
D0V	121	30	2816	48
D0V	122	30	2816	47
D0V	123	30	2816	46
D0V	124	30	2816	45
D0V	125	30	2816	44
D0V	126	30	2816	43
D0V	127	30	2816	42
D0V	128	30	2816	41
D0V	129	30	2816	40
D0V	130	30	2816	39
D0V	131	30	2816	38
D0V	132	30	2816	37
D0V	133	30	2816	36
D0V	134	30	2816	35
D0V	135	30	2816	34
D0V	136	30	2816	33
D0V	137	30	2816	32
D0V	138	30	2816	31
D0V	139	30	2816	30
D0V	140	30	2816	29
D0V	141	30	2816	28
D0V	142	30	2816	27
D0V	143	30	2816	26
D0V	144	30	2816	25
D0V	145	30	2816	24
D0V	146	30	2816	23
D0V	147	30	2816	22
D0V	148	30	2816	21
D0V	149	30	2816	20
D0V	150	30	2816	19
D0V	151	30	2816	18
D0V	152	30	2816	17
D0V	153	30	2816	16
D0V	154	30	2816	15
D0V	155	30	2816	14
D0V	156	30	2816	13
D0V	157	30	2816	12
D0V	158	30	2816	11
D0V	159	30	2816	10
D0V	160	30	2816	9
D0V	161	30	2816	8
D0V	162	30	2816	7
D0V	163	30	2816	6
D0V	164	30	2816	5
D0V	165	30	2816	4
D0V	166	30	2816	3
D0V	167	30	2816	2
D0V	168	30	2816	1
D0V	169	30	2816	0
D0V	170	30	2560	63
D0V	171	30	2560	62
D0V	172	30	2560	61
D0V	173	30	2560	60
D0V	174	30	2560	59
D0V	175	30	2560	58
D0V	176	30	2560	57
D0V	177	30	2560	56
D0V	178	30	2560	55
D0V	179	30	2560	54
D0V	180	30	2560	53
D0V	181	30	2560	52
D0V	182	30	2560	51
D0V	183	30	2560	50
D0V	184	30	2560	49
D0V	185	30	2560	48
D0V	186	30	2560	47
D0V	187	30	2560	46
D0V	188	30	2560	45
D0V	189	30	2560	44
D0V	190	30	2560	43
D0V	191	30	2560	42
D0V	192	30	2560	41
D0V	193	30	2560	40
D0V	194	30	2560	39
D0V	195	30	2560	38
D0V	196	30	2560	37
D0V	197	30	2560	36
D0V	198	30	2560	35
D0V	199	30	2560	34
D0V	200	30	2560	33
D0V	201	30	2560	32
D0Vp	1	30	3072	7
D0Vp	2	30	3072	6
D0Vp	3	30	3072	5
D0Vp	4	30	3072	4
D0Vp	5	30	3072	3
D0Vp	6	30	3072	2
D0Vp	7	30	3072	1
D0Vp	8	30	3072	0
D0Vp	9	30	3072	15
D0Vp	10	30	3072	14
D0Vp	11	30	3072	13
D0Vp	12	30	3072	12
D0Vp	13	30	3072	11
D0Vp	14	30	3072	10
D0Vp	15	30	3072	9
D0Vp	16	30	3072	8
D0Vp	17	30	3072	23
D0Vp	18	30	3072	22
D0Vp	19	30	3072	21
D0Vp	20	30	3072	20
D0Vp	21	30	3072	19
D0Vp	22	30	3072	18
D0Vp	23	30	3072	17
D0Vp	24	30	3072	16
D0Vp	25	30	3072	31
D0Vp	26	30	3072	30
D0Vp	27	30	3072	29
D0Vp	28	30	3072	28
D0Vp	29	30	3072	27
D0Vp	30	30	3072	26
D0Vp	31	30	3072	25
D0Vp	32	30	3072	24
D0Vp	33	30	3072	39
D0Vp	34	30	3072	38
D0Vp	35	30	3072	37
D0Vp	36	30	3072	36
D0Vp	37	30	3072	35
D0Vp	38	30	3072	34
D0Vp	39	30	3072	33
D0Vp	40	30	3072	32
D0Vp	41	30	3072	47
D0Vp	42	30	3072	46
D0Vp	43	30	3072	45
D0Vp	44	30	3072	44
D0Vp	45	30	3072	43
D0Vp	46	30	3072	42
D0Vp	47	30	3072	41
D0Vp	48	30	3072	40
D0Vp	49	30	3072	55
D0Vp	50	30	3072	54
D0Vp	51	30	3072	53
D0Vp	52	30	3072	52
D0Vp	53	30	3072	51
D0Vp	54	30	3072	50
D0Vp	55	30	3072	49
D0Vp	56	30	3072	48
D0Vp	57	30	3072	63
D0Vp	58	30	3072	62
D0Vp	59	30	3072	61
D0Vp	60	30	3072	60
D0Vp	61	30	3072	59
D0Vp	62	30	3072	58
D0Vp	63	30	3072	57
D0Vp	64	30	3072	56
D0Vp	65	30	3328	7
D0Vp	66	30	3328	6
D0Vp	67	30	3328	5
D0Vp	68	30	3328	4
D0Vp	69	30	3328	3
D0Vp	70	30	3328	2
D0Vp	71	30	3328	1
D0Vp	72	30	3328	0
D0Vp	73	30	3328	15
D0Vp	74	30	3328	14
D0Vp	75	30	3328	13
D0Vp	76	30	3328	12
D0Vp	77	30	3328	11
D0Vp	78	30	3328	10
D0Vp	79	30	3328	9
D0Vp	80	30	3328	8
D0Vp	81	30	3328	23
D0Vp	82	30	3328	22
D0Vp	83	30	3328	21
D0Vp	84	30	3328	20
D0Vp	85	30	3328	19
D0Vp	86	30	3328	18
D0Vp	87	30	3328	17
D0Vp	88	30	3328	16
D0Vp	89	30	3328	31
D0Vp	90	30	3328	30
D0Vp	91	30	3328	29
D0Vp	92	30	3328	28
D0Vp	93	30	3328	27
D0Vp	94	30	3328	26
D0Vp	95	30	3328	25
D0Vp	96	30	3328	24
D0Vp	97	30	3840	31
D0Vp	98	30	3840	30
D0Vp	99	30	3840	29
D0Vp	100	30	3840	28
D0Vp	101	30	3840	19
D0Vp	102	30	3840	20
D0Vp	103	30	3840	21
D0Vp	104	30	3840	22
D0Vp	105	30	3840	23
D0Vp	106	30	3584	56
D0Vp	107	30	3584	57
D0Vp	108	30	3584	58
D0Vp	109	30	3584	59
D0Vp	110	30	3584	60
D0Vp	111	30	3584	61
D0Vp	112	30	3584	62
D0Vp	113	30	3584	63
D0Vp	114	30	3584	48
D0Vp	115	30	3584	49
D0Vp	116	30	3584	50
D0Vp	117	30	3584	51
D0Vp	118	30	3584	52
D0Vp	119	30	3584	53
D0Vp	120	30	3584	54
D0Vp	121	30	3584	55
D0Vp	122	30	3584	40
D0Vp	123	30	3584	41
D0Vp	124	30	3584	42
D0Vp	125	30	3584	43
D0Vp	126	30	3584	44
D0Vp	127	30	3584	45
D0Vp	128	30	3584	46
D0Vp	129	30	3584	47
D0Vp	130	30	3584	32
D0Vp	131	30	3584	33
D0Vp	132	30	3584	34
D0Vp	133	30	3584	35
D0Vp	134	30	3584	36
D0Vp	135	30	3584	37
D0Vp	136	30	3584	38
D0Vp	137	30	3584	39
D0Vp	138	30	3584	24
D0Vp	139	30	3584	25
D0Vp	140	30	3584	26
D0Vp	141	30	3584	27
D0Vp	142	30	3584	28
D0Vp	143	30	3584	29
D0Vp	144	30	3584	30
D0Vp	145	30	3584	31
D0Vp	146	30	3584	16
D0Vp	147	30	3584	17
D0Vp	148	30	3584	18
D0Vp	149	30	3584	19
D0Vp	150	30	3584	20
D0Vp	151	30	3584	21
D0Vp	152	30	3584	22
D0Vp	153	30	3584	23
D0Vp	154	30	3584	8
D0Vp	155	30	3584	9
D0Vp	156	30	3584	10
D0Vp	157	30	3584	11
D0Vp	158	30	3584	12
D0Vp	159	30	3584	13
D0Vp	160	30	3584	14
D0Vp	161	30	3584	15
D0Vp	162	30	3584	0
D0Vp	163	30	3584	1
D0Vp	164	30	3584	2
D0Vp	165	30	3584	3
D0Vp	166	30	3584	4
D0Vp	167	30	3584	5
D0Vp	168	30	3584	6
D0Vp	169	30	3584	7
D0Vp	170	30	3328	56
D0Vp	171	30	3328	57
D0Vp	172	30	3328	58
D0Vp	173	30	3328	59
D0Vp	174	30	3328	60
D0Vp	175	30	3328	61
D0Vp	176	30	3328	62
D0Vp	177	30	3328	63
D0Vp	178	30	3328	48
D0Vp	179	30	3328	49
D0Vp	180	30	3328	50
D0Vp	181	30	3328	51
D0Vp	182	30	3328	52
D0Vp	183	30	3328	53
D0Vp	184	30	3328	54
D0Vp	185	30	3328	55
D0Vp	186	30	3328	40
D0Vp	187	30	3328	41
D0Vp	188	30	3328	42
D0Vp	189	30	3328	43
D0Vp	190	30	3328	44
D0Vp	191	30	3328	45
D0Vp	192	30	3328	46
D0Vp	193	30	3328	47
D0Vp	194	30	3328	32
D0Vp	195	30	3328	33
D0Vp	196	30	3328	34
D0Vp	197	30	3328	35
D0Vp	198	30	3328	36
D0Vp	199	30	3328	37
D0Vp	200	30	3328	38
D0Vp	201	30	3328	39
D2U	1	12	3328	7
D2U	2	12	3328	6
D2U	3	12	3328	5
D2U	4	12	3328	4
D2U	5	12	3328	3
D2U	6	12	3328	2
D2U	7	12	3328	1
D2U	8	12	3328	0
D2U	9	12	3328	15
D2U	10	12	3328	14
D2U	11	12	3328	13
D2U	12	12	3328	12
D2U	13	12	3328	11
D2U	14	12	3328	10
D2U	15	12	3328	9
D2U	16	12	3328	8
D2U	17	12	3328	23
D2U	18	12	3328	22
D2U	19	12	3328	21
D2U	20	12	3328	20
D2U	21	12	3328	19
D2U	22	12	3328	18
D2U	23	12	3328	17
D2U	24	12	3328	16
D2U	25	12	3328	31
D2U	26	12	3328	30
D2U	27	12	3328	29
D2U	28	12	3328	28
D2U	29	12	3328	27
D2U	30	12	3328	26
D2U	31	12	3328	25
D2U	32	12	3328	24
D2U	33	12	3328	39
D2U	34	12	3328	38
D2U	35	12	3328	37
D2U	36	12	3328	36
D2U	37	12	3328	35
D2U	38	12	3328	34
D2U	39	12	3328	33
D2U	40	12	3328	32
D2U	41	12	3328	47
D2U	42	12	3328	46
D2U	43	12	3328	45
D2U	44	12	3328	44
D2U	45	12	3328	43
D2U	46	12	3328	42
D2U	47	12	3328	41
D2U	48	12	3328	40
D2U	49	12	3328	55
D2U	50	12	3328	54
D2U	51	12	3328	53
D2U	52	12	3328	52
D2U	53	12	3328	51
D2U	54	12	3328	50
D2U	55	12	3328	49
D2U	56	12	3328	48
D2U	57	12	3328	63
D2U	58	12	3328	62
D2U	59	12	3328	61
D2U	60	12	3328	60
D2U	61	12	3328	59
D2U	62	12	3328	58
D2U	63	12	3328	57
D2U	64	12	3328	56
D2U	65	19	3328	0
D2U	66	19	3328	1
D2U	67	19	3328	2
D2U	68	19	3328	3
D2U	69	19	3328	4
D2U	70	19	3328	5
D2U	71	19	3328	6
D2U	72	19	3328	7
D2U	73	19	3328	8
D2U	74	19	3328	9
D2U	75	19	3328	10
D2U	76	19	3328	11
D2U	77	19	3328	12
D2U	78	19	3328	13
D2U	79	19	3328	14
D2U	80	19	3328	15
D2U	81	19	3328	16
D2U	82	19	3328	17
D2U	83	19	3328	18
D2U	84	19	3328	19
D2U	85	19	3328	20
D2U	86	19	3328	21
D2U	87	19	3328	22
D2U	88	19	3328	23
D2U	89	19	3328	24
D2U	90	19	3328	25
D2U	91	19	3328	26
D2U	92	19	3328	27
D2U	93	19	3328	28
D2U	94	19	3328	29
D2U	95	19	3328	30
D2U	96	19	3328	31
D2U	97	19	3328	32
D2U	98	19	3328	33
D2U	99	19	3328	34
D2U	100	19	3328	35
D2U	101	19	3328	36
D2U	102	19	3328	37
D2U	103	19	3328	38
D2U	104	19	3328	39
D2U	105	19	3328	40
D2U	106	19	3328	41
D2U	107	19	3328	42
D2U	108	19	3328	43
D2U	109	19	3328	44
D2U	110	19	3328	45
D2U	111	19	3328	46
D2U	112	19	3328	47
D2U	113	19	3328	48
D2U	114	19	3328	49
D2U	115	19	3328	50
D2U	116	19	3328	51
D2U	117	19	3328	52
D2U	118	19	3328	53
D2U	119	19	3328	54
D2U	120	19	3328	55
D2U	121	19	3328	56
D2U	122	19	3328	57
D2U	123	19	3328	58
D2U	124	19	3328	59
D2U	125	19	3328	60
D2U	126	19	3328	61
D2U	127	19	3328	62
D2U	128	19	3328	63
D2Up	1	12	3584	0
D2Up	2	12	3584	1
D2Up	3	12	3584	2
D2Up	4	12	3584	3
D2Up	5	12	3584	4
D2Up	6	12	3584	5
D2Up	7	12	3584	6
D2Up	8	12	3584	7
D2Up	9	12	3584	8
D2Up	10	12	3584	9
D2Up	11	12	3584	10
D2Up	12	12	3584	11
D2Up	13	12	3584	12
D2Up	14	12	3584	13
D2Up	15	12	3584	14
D2Up	16	12	3584	15
D2Up	17	12	3584	16
D2Up	18	12	3584	17
D2Up	19	12	3584	18
D2Up	20	12	3584	19
D2Up	21	12	3584	20
D2Up	22	12	3584	21
D2Up	23	12	3584	22
D2Up	24	12	3584	23
D2Up	25	12	3584	24
D2Up	26	12	3584	25
D2Up	27	12	3584	26
D2Up	28	12	3584	27
D2Up	29	12	3584	28
D2Up	30	12	3584	29
D2Up	31	12	3584	30
D2Up	32	12	3584	31
D2Up	33	12	3584	32
D2Up	34	12	3584	33
D2Up	35	12	3584	34
D2Up	36	12	3584	35
D2Up	37	12	3584	36
D2Up	38	12	3584	37
D2Up	39	12	3584	38
D2Up	40	12	3584	39
D2Up	41	12	3584	40
D2Up	42	12	3584	41
D2Up	43	12	3584	42
D2Up	44	12	3584	43
D2Up	45	12	3584	44
D2Up	46	12	3584	45
D2Up	47	12	3584	46
D2Up	48	12	3584	47
D2Up	49	12	3584	48
D2Up	50	12	3584	49
D2Up	51	12	3584	50
D2Up	52	12	3584	51
D2Up	53	12	3584	52
D2Up	54	12	3584	53
D2Up	55	12	3584	54
D2Up	56	12	3584	55
D2Up	57	12	3584	56
D2Up	58	12	3584	57
D2Up	59	12	3584	58
D2Up	60	12	3584	59
D2Up	61	12	3584	60
D2Up	62	12	3584	61
D2Up	63	12	3584	62
D2Up	64	12	3584	63
D2Up	65	19	3584	7
D2Up	66	19	3584	6
D2Up	67	19	3584	5
D2Up	68	19	3584	4
D2Up	69	19	3584	3
D2Up	70	19	3584	2
D2Up	71	19	3584	1
D2Up	72	19	3584	0
D2Up	73	19	3584	15
D2Up	74	19	3584	14
D2Up	75	19	3584	13
D2Up	76	19	3584	12
D2Up	77	19	3584	11
D2Up	78	19	3584	10
D2Up	79	19	3584	9
D2Up	80	19	3584	8
D2Up	81	19	3584	23
D2Up	82	19	3584	22
D2Up	83	19	3584	21
D2Up	84	19	3584	20
D2Up	85	19	3584	19
D2Up	86	19	3584	18
D2Up	87	19	3584	17
D2Up	88	19	3584	16
D2Up	89	19	3584	31
D2Up	90	19	3584	30
D2Up	91	19	3584	29
D2Up	92	19	3584	28
D2Up	93	19	3584	27
D2Up	94	19	3584	26
D2Up	95	19	3584	25
D2Up	96	19	3584	24
D2Up	97	19	3584	39
D2Up	98	19	3584	38
D2Up	99	19	3584	37
D2Up	100	19	3584	36
D2Up	101	19	3584	35
D2Up	102	19	3584	34
D2Up	103	19	3584	33
D2Up	104	19	3584	32
D2Up	105	19	3584	47
D2Up	106	19	3584	46
D2Up	107	19	3584	45
D2Up	108	19	3584	44
D2Up	109	19	3584	43
D2Up	110	19	3584	42
D2Up	111	19	3584	41
D2Up	112	19	3584	40
D2Up	113	19	3584	55
D2Up	114	19	3584	54
D2Up	115	19	3584	53
D2Up	116	19	3584	52
D2Up	117	19	3584	51
D2Up	118	19	3584	50
D2Up	119	19	3584	49
D2Up	120	19	3584	48
D2Up	121	19	3584	63
D2Up	122	19	3584	62
D2Up	123	19	3584	61
D2Up	124	19	3584	60
D2Up	125	19	3584	59
D2Up	126	19	3584	58
D2Up	127	19	3584	57
D2Up	128	19	3584	56
D2V	1	19	2304	0
D2V	2	19	2304	1
D2V	3	19	2304	2
D2V	4	19	2304	3
D2V	5	19	2304	4
D2V	6	19	2304	5
D2V	7	19	2304	6
D2V	8	19	2304	7
D2V	9	19	2304	8
D2V	10	19	2304	9
D2V	11	19	2304	10
D2V	12	19	2304	11
D2V	13	19	2304	12
D2V	14	19	2304	13
D2V	15	19	2304	14
D2V	16	19	2304	15
D2V	17	19	2304	16
D2V	18	19	2304	17
D2V	19	19	2304	18
D2V	20	19	2304	19
D2V	21	19	2304	20
D2V	22	19	2304	21
D2V	23	19	2304	22
D2V	24	19	2304	23
D2V	25	19	2304	24
D2V	26	19	2304	25
D2V	27	19	2304	26
D2V	28	19	2304	27
D2V	29	19	2304	28
D2V	30	19	2304	29
D2V	31	19	2304	30
D2V	32	19	2304	31
D2V	33	19	2304	32
D2V	34	19	2304	33
D2V	35	19	2304	34
D2V	36	19	2304	35
D2V	37	19	2304	36
D2V	38	19	2304	37
D2V	39	19	2304	38
D2V	40	19	2304	39
D2V	41	19	2304	40
D2V	42	19	2304	41
D2V	43	19	2304	42
D2V	44	19	2304	43
D2V	45	19	2304	44
D2V	46	19	2304	45
D2V	47	19	2304	46
D2V	48	19	2304	47
D2V	49	19	2304	48
D2V	50	19	2304	49
D2V	51	19	2304	50
D2V	52	19	2304	51
D2V	53	19	2304	52
D2V	54	19	2304	53
D2V	55	19	2304	54
D2V	56	19	2304	55
D2V	57	19	2304	56
D2V	58	19	2304	57
D2V	59	19	2304	58
D2V	60	19	2304	59
D2V	61	19	2304	60
D2V	62	19	2304	61
D2V	63	19	2304	62
D2V	64	19	2304	63
D2V	65	12	2304	7
D2V	66	12	2304	6
D2V	67	12	2304	5
D2V	68	12	2304	4
D2V	69	12	2304	3
D2V	70	12	2304	2
D2V	71	12	2304	1
D2V	72	12	2304	0
D2V	73	12	2304	15
D2V	74	12	2304	14
D2V	75	12	2304	13
D2V	76	12	2304	12
D2V	77	12	2304	11
D2V	78	12	2304	10
D2V	79	12	2304	9
D2V	80	12	2304	8
D2V	81	12	2304	23
D2V	82	12	2304	22
D2V	83	12	2304	21
D2V	84	12	2304	20
D2V	85	12	2304	19
D2V	86	12	2304	18
D2V	87	12	2304	17
D2V	88	12	2304	16
D2V	89	12	2304	31
D2V	90	12	2304	30
D2V	91	12	2304	29
D2V	92	12	2304	28
D2V	93	12	2304	27
D2V	94	12	2304	26
D2V	95	12	2304	25
D2V	96	12	2304	24
D2V	97	12	2304	39
D2V	98	12	2304	38
D2V	99	12	2304	37
D2V	100	12	2304	36
D2V	101	12	2304	35
D2V	102	12	2304	34
D2V	103	12	2304	33
D2V	104	12	2304	32
D2V	105	12	2304	47
D2V	106	12	2304	46
D2V	107	12	2304	45
D2V	108	12	2304	44
D2V	109	12	2304	43
D2V	110	12	2304	42
D2V	111	12	2304	41
D2V	112	12	2304	40
D2V	113	12	2304	55
D2V	114	12	2304	54
D2V	115	12	2304	53
D2V	116	12	2304	52
D2V	117	12	2304	51
D2V	118	12	2304	50
D2V	119	12	2304	49
D2V	120	12	2304	48
D2V	121	12	2304	63
D2V	122	12	2304	62
D2V	123	12	2304	61
D2V	124	12	2304	60
D2V	125	12	2304	59
D2V	126	12	2304	58
D2V	127	12	2304	57
D2V	128	12	2304	56
D2Vp	1	19	2560	7
D2Vp	2	19	2560	6
D2Vp	3	19	2560	5
D2Vp	4	19	2560	4
D2Vp	5	19	2560	3
D2Vp	6	19	2560	2
D2Vp	7	19	2560	1
D2Vp	8	19	2560	0
D2Vp	9	19	2560	15
D2Vp	10	19	2560	14
D2Vp	11	19	2560	13
D2Vp	12	19	2560	12
D2Vp	13	19	2560	11
D2Vp	14	19	2560	10
D2Vp	15	19	2560	9
D2Vp	16	19	2560	8
D2Vp	17	19	2560	23
D2Vp	18	19	2560	22
D2Vp	19	19	2560	21
D2Vp	20	19	2560	20
D2Vp	21	19	2560	19
D2Vp	22	19	2560	18
D2Vp	23	19	2560	17
D2Vp	24	19	2560	16
D2Vp	25	19	2560	31
D2Vp	26	19	2560	30
D2Vp	27	19	2560	29
D2Vp	28	19	2560	28
D2Vp	29	19	2560	27
D2Vp	30	19	2560	26
D2Vp	31	19	2560	25
D2Vp	32	19	2560	24
D2Vp	33	19	2560	39
D2Vp	34	19	2560	38
D2Vp	35	19	2560	37
D2Vp	36	19	2560	36
D2Vp	37	19	2560	35
D2Vp	38	19	2560	34
D2Vp	39	19	2560	33
D2Vp	40	19	2560	32
D2Vp	41	19	2560	47
D2Vp	42	19	2560	46
D2Vp	43	19	2560	45
D2Vp	44	19	2560	44
D2Vp	45	19	2560	43
D2Vp	46	19	2560	42
D2Vp	47	19	2560	41
D2Vp	48	19	2560	40
D2Vp	49	19	2560	55
D2Vp	50	19	2560	54
D2Vp	51	19	2560	53
D2Vp	52	19	2560	52
D2Vp	53	19	2560	51
D2Vp	54	19	2560	50
D2Vp	55	19	2560	49
D2Vp	56	19	2560	48
D2Vp	57	19	2560	63
D2Vp	58	19	2560	62
D2Vp	59	19	2560	61
D2Vp	60	19	2560	60
D2Vp	61	19	2560	59
D2Vp	62	19	2560	58
D2Vp	63	19	2560	57
D2Vp	64	19	2560	56
D2Vp	65	12	2560	0
D2Vp	66	12	2560	1
D2Vp	67	12	2560	2
D2Vp	68	12	2560	3
D2Vp	69	12	2560	4
D2Vp	70	12	2560	5
D2Vp	71	12	2560	6
D2Vp	72	12	2560	7
D2Vp	73	12	2560	8
D2Vp	74	12	2560	9
D2Vp	75	12	2560	10
D2Vp	76	12	2560	11
D2Vp	77	12	2560	12
D2Vp	78	12	2560	13
D2Vp	79	12	2560	14
D2Vp	80	12	2560	15
D2Vp	81	12	2560	16
D2Vp	82	12	2560	17
D2Vp	83	12	2560	18
D2Vp	84	12	2560	19
D2Vp	85	12	2560	20
D2Vp	86	12	2560	21
D2Vp	87	12	2560	22
D2Vp	88	12	2560	23
D2Vp	89	12	2560	24
D2Vp	90	12	2560	25
D2Vp	91	12	2560	26
D2Vp	92	12	2560	27
D2Vp	93	12	2560	28
D2Vp	94	12	2560	29
D2Vp	95	12	2560	30
D2Vp	96	12	2560	31
D2Vp	97	12	2560	32
D2Vp	98	12	2560	33
D2Vp	99	12	2560	34
D2Vp	100	12	2560	35
D2Vp	101	12	2560	36
D2Vp	102	12	2560	37
D2Vp	103	12	2560	38
D2Vp	104	12	2560	39
D2Vp	105	12	2560	40
D2Vp	106	12	2560	41
D2Vp	107	12	2560	42
D2Vp	108	12	2560	43
D2Vp	109	12	2560	44
D2Vp	110	12	2560	45
D2Vp	111	12	2560	46
D2Vp	112	12	2560	47
D2Vp	113	12	2560	48
D2Vp	114	12	2560	49
D2Vp	115	12	2560	50
D2Vp	116	12	2560	51
D2Vp	117	12	2560	52
D2Vp	118	12	2560	53
D2Vp	119	12	2560	54
D2Vp	120	12	2560	55
D2Vp	121	12	2560	56
D2Vp	122	12	2560	57
D2Vp	123	12	2560	58
D2Vp	124	12	2560	59
D2Vp	125	12	2560	60
D2Vp	126	12	2560	61
D2Vp	127	12	2560	62
D2Vp	128	12	2560	63
D2X	1	12	3072	0
D2X	2	12	3072	1
D2X	3	12	3072	2
D2X	4	12	3072	3
D2X	5	12	3072	4
D2X	6	12	3072	5
D2X	7	12	3072	6
D2X	8	12	3072	7
D2X	9	12	3072	8
D2X	10	12	3072	9
D2X	11	12	3072	10
D2X	12	12	3072	11
D2X	13	12	3072	12
D2X	14	12	3072	13
D2X	15	12	3072	14
D2X	16	12	3072	15
D2X	17	12	3072	16
D2X	18	12	3072	17
D2X	19	12	3072	18
D2X	20	12	3072	19
D2X	21	12	3072	20
D2X	22	12	3072	21
D2X	23	12	3072	22
D2X	24	12	3072	23
D2X	25	12	3072	24
D2X	26	12	3072	25
D2X	27	12	3072	26
D2X	28	12	3072	27
D2X	29	12	3072	28
D2X	30	12	3072	29
D2X	31	12	3072	30
D2X	32	12	3072	31
D2X	33	12	3072	32
D2X	34	12	3072	33
D2X	35	12	3072	34
D2X	36	12	3072	35
D2X	37	12	3072	36
D2X	38	12	3072	37
D2X	39	12	3072	38
D2X	40	12	3072	39
D2X	41	12	3072	40
D2X	42	12	3072	41
D2X	43	12	3072	42
D2X	44	12	3072	43
D2X	45	12	3072	44
D2X	46	12	3072	45
D2X	47	12	3072	46
D2X	48	12	3072	47
D2X	49	12	3072	48
D2X	50	12	3072	49
D2X	51	12	3072	50
D2X	52	12	3072	51
D2X	53	12	3072	52
D2X	54	12	3072	53
D2X	55	12	3072	54
D2X	56	12	3072	55
D2X	57	19	3072	7
D2X	58	19	3072	6
D2X	59	19	3072	5
D2X	60	19	3072	4
D2X	61	19	3072	3
D2X	62	19	3072	2
D2X	63	19	3072	1
D2X	64	19	3072	0
D2X	65	19	3072	15
D2X	66	19	3072	14
D2X	67	19	3072	13
D2X	68	19	3072	12
D2X	69	19	3072	11
D2X	70	19	3072	10
D2X	71	19	3072	9
D2X	72	19	3072	8
D2X	73	19	3072	23
D2X	74	19	3072	22
D2X	75	19	3072	21
D2X	76	19	3072	20
D2X	77	19	3072	19
D2X	78	19	3072	18
D2X	79	19	3072	17
D2X	80	19	3072	16
D2X	81	19	3072	31
D2X	82	19	3072	30
D2X	83	19	3072	29
D2X	84	19	3072	28
D2X	85	19	3072	27
D2X	86	19	3072	26
D2X	87	19	3072	25
D2X	88	19	3072	24
D2X	89	19	3072	39
D2X	90	19	3072	38
D2X	91	19	3072	37
D2X	92	19	3072	36
D2X	93	19	3072	35
D2X	94	19	3072	34
D2X	95	19	3072	33
D2X	96	19	3072	32
D2X	97	19	3072	47
D2X	98	19	3072	46
D2X	99	19	3072	45
D2X	100	19	3072	44
D2X	101	19	3072	43
D2X	102	19	3072	42
D2X	103	19	3072	41
D2X	104	19	3072	40
D2X	105	19	3072	55
D2X	106	19	3072	54
D2X	107	19	3072	53
D2X	108	19	3072	52
D2X	109	19	3072	51
D2X	110	19	3072	50
D2X	111	19	3072	49
D2X	112	19	3072	48
D2Xp	1	12	2816	7
D2Xp	2	12	2816	6
D2Xp	3	12	2816	5
D2Xp	4	12	2816	4
D2Xp	5	12	2816	3
D2Xp	6	12	2816	2
D2Xp	7	12	2816	1
D2Xp	8	12	2816	0
D2Xp	9	12	2816	15
D2Xp	10	12	2816	14
D2Xp	11	12	2816	13
D2Xp	12	12	2816	12
D2Xp	13	12	2816	11
D2Xp	14	12	2816	10
D2Xp	15	12	2816	9
D2Xp	16	12	2816	8
D2Xp	17	12	2816	23
D2Xp	18	12	2816	22
D2Xp	19	12	2816	21
D2Xp	20	12	2816	20
D2Xp	21	12	2816	19
D2Xp	22	12	2816	18
D2Xp	23	12	2816	17
D2Xp	24	12	2816	16
D2Xp	25	12	2816	31
D2Xp	26	12	2816	30
D2Xp	27	12	2816	29
D2Xp	28	12	2816	28
D2Xp	29	12	2816	27
D2Xp	30	12	2816	26
D2Xp	31	12	2816	25
D2Xp	32	12	2816	24
D2Xp	33	12	2816	39
D2Xp	34	12	2816	38
D2Xp	35	12	2816	37
D2Xp	36	12	2816	36
D2Xp	37	12	2816	35
D2Xp	38	12	2816	34
D2Xp	39	12	2816	33
D2Xp	40	12	2816	32
D2Xp	41	12	2816	47
D2Xp	42	12	2816	46
D2Xp	43	12	2816	45
D2Xp	44	12	2816	44
D2Xp	45	12	2816	43
D2Xp	46	12	2816	42
D2Xp	47	12	2816	41
D2Xp	48	12	2816	40
D2Xp	49	12	3072	63
D2Xp	50	12	3072	62
D2Xp	51	12	3072	61
D2Xp	52	12	3072	60
D2Xp	53	12	3072	59
D2Xp	54	12	3072	58
D2Xp	55	12	3072	57
D2Xp	56	12	3072	56
D2Xp	57	19	2816	0
D2Xp	58	19	2816	1
D2Xp	59	19	2816	2
D2Xp	60	19	2816	3
D2Xp	61	19	2816	4
D2Xp	62	19	2816	5
D2Xp	63	19	2816	6
D2Xp	64	19	2816	7
D2Xp	65	19	2816	8
D2Xp	66	19	2816	9
D2Xp	67	19	2816	10
D2Xp	68	19	2816	11
D2Xp	69	19	2816	12
D2Xp	70	19	2816	13
D2Xp	71	19	2816	14
D2Xp	72	19	2816	15
D2Xp	73	19	2816	16
D2Xp	74	19	2816	17
D2Xp	75	19	2816	18
D2Xp	76	19	2816	19
D2Xp	77	19	2816	20
D2Xp	78	19	2816	21
D2Xp	79	19	2816	22
D2Xp	80	19	2816	23
D2Xp	81	19	2816	24
D2Xp	82	19	2816	25
D2Xp	83	19	2816	26
D2Xp	84	19	2816	27
D2Xp	85	19	2816	28
D2Xp	86	19	2816	29
D2Xp	87	19	2816	30
D2Xp	88	19	2816	31
D2Xp	89	19	2816	32
D2Xp	90	19	2816	33
D2Xp	91	19	2816	34
D2Xp	92	19	2816	35
D2Xp	93	19	2816	36
D2Xp	94	19	2816	37
D2Xp	95	19	2816	38
D2Xp	96	19	2816	39
D2Xp	97	19	2816	40
D2Xp	98	19	2816	41
D2Xp	99	19	2816	42
D2Xp	100	19	2816	43
D2Xp	101	19	2816	44
D2Xp	102	19	2816	45
D2Xp	103	19	2816	46
D2Xp	104	19	2816	47
D2Xp	105	19	3072	56
D2Xp	106	19	3072	57
D2Xp	107	19	3072	58
D2Xp	108	19	3072	59
D2Xp	109	19	3072	60
D2Xp	110	19	3072	61
D2Xp	111	19	3072	62
D2Xp	112	19	3072	63
D3mU	1	15	3584	58
D3mU	2	15	3584	59
D3mU	3	15	3584	60
D3mU	4	15	3584	61
D3mU	5	15	3584	62
D3mU	6	15	3584	63
D3mU	7	23	3584	0
D3mU	8	23	3584	1
D3mU	9	23	3584	2
D3mU	10	23	3584	3
D3mU	11	23	3584	4
D3mU	12	23	3584	5
D3mU	13	23	3584	6
D3mU	14	23	3584	7
D3mU	15	23	3584	8
D3mU	16	23	3584	9
D3mU	17	23	3584	10
D3mU	18	23	3584	11
D3mU	19	23	3584	12
D3mU	20	23	3584	13
D3mU	21	23	3584	14
D3mU	22	23	3584	15
D3mU	23	23	3584	16
D3mU	24	23	3584	17
D3mU	25	23	3584	18
D3mU	26	23	3584	19
D3mU	27	23	3584	20
D3mU	28	23	3584	21
D3mU	29	23	3584	22
D3mU	30	23	3584	23
D3mU	31	23	3584	24
D3mU	32	23	3584	25
D3mU	33	23	3584	26
D3mU	34	23	3584	27
D3mU	35	23	3584	28
D3mU	36	23	3584	29
D3mU	37	23	3584	30
D3mU	38	23	3584	31
D3mU	39	23	3584	32
D3mU	40	23	3584	33
D3mU	41	23	3584	34
D3mU	42	23	3584	35
D3mU	43	23	3584	36
D3mU	44	23	3584	37
D3mU	45	23	3584	38
D3mU	46	23	3584	39
D3mU	47	23	3584	40
D3mU	48	23	3584	41
D3mU	49	23	3584	42
D3mU	50	23	3584	43
D3mU	51	23	3584	44
D3mU	52	23	3584	45
D3mU	53	23	3584	46
D3mU	54	23	3584	47
D3mU	55	23	3584	48
D3mU	56	23	3584	49
D3mU	57	23	3584	50
D3mU	58	23	3584	51
D3mU	59	23	3584	52
D3mU	60	23	3584	53
D3mU	61	23	3584	54
D3mU	62	23	3584	55
D3mU	63	23	3584	56
D3mU	64	23	3584	57
D3mU	65	23	3584	58
D3mU	66	23	3584	59
D3mU	67	23	3584	60
D3mU	68	23	3584	61
D3mU	69	23	3584	62
D3mU	70	23	3584	63
D3mU	71	23	3328	0
D3mU	72	23	3328	1
D3mU	73	23	3328	2
D3mU	74	23	3328	3
D3mU	75	23	3328	4
D3mU	76	23	3328	5
D3mU	77	23	3328	6
D3mU	78	23	3328	7
D3mU	79	23	3328	8
D3mU	80	23	3328	9
D3mU	81	23	3328	10
D3mU	82	23	3328	11
D3mU	83	23	3328	12
D3mU	84	23	3328	13
D3mU	85	23	3328	14
D3mU	86	23	3328	15
D3mU	87	23	3328	16
D3mU	88	23	3328	17
D3mU	89	23	3328	18
D3mU	90	23	3328	19
D3mU	91	23	3328	20
D3mU	92	23	3328	21
D3mU	93	23	3328	22
D3mU	94	23	3328	23
D3mU	95	23	3328	24
D3mU	96	23	3328	25
D3mU	97	23	3328	26
D3mU	98	23	3328	27
D3mU	99	23	3328	28
D3mU	100	23	3328	29
D3mU	101	23	3328	30
D3mU	102	23	3328	31
D3mU	103	23	3328	32
D3mU	104	23	3328	33
D3mU	105	23	3328	34
D3mU	106	23	3328	35
D3mU	107	23	3328	36
D3mU	108	23	3328	37
D3mU	109	23	3328	38
D3mU	110	23	3328	39
D3mU	111	23	3328	40
D3mU	112	23	3328	41
D3mU	113	23	3328	42
D3mU	114	23	3328	43
D3mU	115	23	3328	44
D3mU	116	23	3328	45
D3mU	117	23	3328	46
D3mU	118	23	3328	47
D3mU	119	23	3328	48
D3mU	120	23	3328	49
D3mU	121	23	3328	50
D3mU	122	23	3328	51
D3mU	123	23	3328	52
D3mU	124	23	3328	53
D3mU	125	23	3328	54
D3mU	126	23	3328	55
D3mU	127	23	3328	56
D3mU	128	23	3328	57
D3mU	129	23	3328	58
D3mU	130	23	3328	59
D3mU	131	23	3328	60
D3mU	132	23	3328	61
D3mU	133	23	3328	62
D3mU	134	23	3328	63
D3mUp	1	15	3584	50
D3mUp	2	15	3584	51
D3mUp	3	15	3584	52
D3mUp	4	15	3584	53
D3mUp	5	15	3584	54
D3mUp	6	15	3584	55
D3mUp	7	15	2304	0
D3mUp	8	15	2304	1
D3mUp	9	15	2304	2
D3mUp	10	15	2304	3
D3mUp	11	15	2304	4
D3mUp	12	15	2304	5
D3mUp	13	15	2304	6
D3mUp	14	15	2304	7
D3mUp	15	15	2304	8
D3mUp	16	15	2304	9
D3mUp	17	15	2304	10
D3mUp	18	15	2304	11
D3mUp	19	15	2304	12
D3mUp	20	15	2304	13
D3mUp	21	15	2304	14
D3mUp	22	15	2304	15
D3mUp	23	15	2304	16
D3mUp	24	15	2304	17
D3mUp	25	15	2304	18
D3mUp	26	15	2304	19
D3mUp	27	15	2304	20
D3mUp	28	15	2304	21
D3mUp	29	15	2304	22
D3mUp	30	15	2304	23
D3mUp	31	15	2304	24
D3mUp	32	15	2304	25
D3mUp	33	15	2304	26
D3mUp	34	15	2304	27
D3mUp	35	15	2304	28
D3mUp	36	15	2304	29
D3mUp	37	15	2304	30
D3mUp	38	15	2304	31
D3mUp	39	15	2304	32
D3mUp	40	15	2304	33
D3mUp	41	15	2304	34
D3mUp	42	15	2304	35
D3mUp	43	15	2304	36
D3mUp	44	15	2304	37
D3mUp	45	15	2304	38
D3mUp	46	15	2304	39
D3mUp	47	15	2304	40
D3mUp	48	15	2304	41
D3mUp	49	15	2304	42
D3mUp	50	15	2304	43
D3mUp	51	15	2304	44
D3mUp	52	15	2304	45
D3mUp	53	15	2304	46
D3mUp	54	15	2304	47
D3mUp	55	15	2304	48
D3mUp	56	15	2304	49
D3mUp	57	15	2304	50
D3mUp	58	15	2304	51
D3mUp	59	15	2304	52
D3mUp	60	15	2304	53
D3mUp	61	15	2304	54
D3mUp	62	15	2304	55
D3mUp	63	15	2304	56
D3mUp	64	15	2304	57
D3mUp	65	15	2304	58
D3mUp	66	15	2304	59
D3mUp	67	15	2304	60
D3mUp	68	15	2304	61
D3mUp	69	15	2304	62
D3mUp	70	15	2304	63
D3mUp	71	23	3840	0
D3mUp	72	23	3840	1
D3mUp	73	23	3840	2
D3mUp	74	23	3840	3
D3mUp	75	23	3840	4
D3mUp	76	23	3840	5
D3mUp	77	23	3840	6
D3mUp	78	23	3840	7
D3mUp	79	23	3840	8
D3mUp	80	23	3840	9
D3mUp	81	23	3840	10
D3mUp	82	23	3840	11
D3mUp	83	23	3840	12
D3mUp	84	23	3840	13
D3mUp	85	23	3840	14
D3mUp	86	23	3840	15
D3mUp	87	23	3840	16
D3mUp	88	23	3840	17
D3mUp	89	23	3840	18
D3mUp	90	23	3840	19
D3mUp	91	23	3840	20
D3mUp	92	23	3840	21
D3mUp	93	23	3840	22
D3mUp	94	23	3840	23
D3mUp	95	23	3840	24
D3mUp	96	23	3840	25
D3mUp	97	23	3840	26
D3mUp	98	23	3840	27
D3mUp	99	23	3840	28
D3mUp	100	23	3840	29
D3mUp	101	23	3840	30
D3mUp	102	23	3840	31
D3mUp	103	23	3840	32
D3mUp	104	23	3840	33
D3mUp	105	23	3840	34
D3mUp	106	23	3840	35
D3mUp	107	23	3840	36
D3mUp	108	23	3840	37
D3mUp	109	23	3840	38
D3mUp	110	23	3840	39
D3mUp	111	23	3840	40
D3mUp	112	23	3840	41
D3mUp	113	23	3840	42
D3mUp	114	23	3840	43
D3mUp	115	23	3840	44
D3mUp	116	23	3840	45
D3mUp	117	23	3840	46
D3mUp	118	23	3840	47
D3mUp	119	23	3840	48
D3mUp	120	23	3840	49
D3mUp	121	23	3840	50
D3mUp	122	23	3840	51
D3mUp	123	23	3840	52
D3mUp	124	23	3840	53
D3mUp	125	23	3840	54
D3mUp	126	23	3840	55
D3mUp	127	23	3840	56
D3mUp	128	23	3840	57
D3mUp	129	23	3840	58
D3mUp	130	23	3840	59
D3mUp	131	23	3840	60
D3mUp	132	23	3840	61
D3mUp	133	23	3840	62
D3mUp	134	23	3840	63
D3mV	1	15	3584	42
D3mV	2	15	3584	43
D3mV	3	15	3584	44
D3mV	4	15	3584	45
D3mV	5	15	3584	46
D3mV	6	15	3584	47
D3mV	7	15	2816	0
D3mV	8	15	2816	1
D3mV	9	15	2816	2
D3mV	10	15	2816	3
D3mV	11	15	2816	4
D3mV	12	15	2816	5
D3mV	13	15	2816	6
D3mV	14	15	2816	7
D3mV	15	15	2816	8
D3mV	16	15	2816	9
D3mV	17	15	2816	10
D3mV	18	15	2816	11
D3mV	19	15	2816	12
D3mV	20	15	2816	13
D3mV	21	15	2816	14
D3mV	22	15	2816	15
D3mV	23	15	2816	16
D3mV	24	15	2816	17
D3mV	25	15	2816	18
D3mV	26	15	2816	19
D3mV	27	15	2816	20
D3mV	28	15	2816	21
D3mV	29	15	2816	22
D3mV	30	15	2816	23
D3mV	31	15	2816	24
D3mV	32	15	2816	25
D3mV	33	15	2816	26
D3mV	34	15	2816	27
D3mV	35	15	2816	28
D3mV	36	15	2816	29
D3mV	37	15	2816	30
D3mV	38	15	2816	31
D3mV	39	15	2816	32
D3mV	40	15	2816	33
D3mV	41	15	2816	34
D3mV	42	15	2816	35
D3mV	43	15	2816	36
D3mV	44	15	2816	37
D3mV	45	15	2816	38
D3mV	46	15	2816	39
D3mV	47	15	2816	40
D3mV	48	15	2816	41
D3mV	49	15	2816	42
D3mV	50	15	2816	43
D3mV	51	15	2816	44
D3mV	52	15	2816	45
D3mV	53	15	2816	46
D3mV	54	15	2816	47
D3mV	55	15	2816	48
D3mV	56	15	2816	49
D3mV	57	15	2816	50
D3mV	58	15	2816	51
D3mV	59	15	2816	52
D3mV	60	15	2816	53
D3mV	61	15	2816	54
D3mV	62	15	2816	55
D3mV	63	15	2816	56
D3mV	64	15	2816	57
D3mV	65	15	2816	58
D3mV	66	15	2816	59
D3mV	67	15	2816	60
D3mV	68	15	2816	61
D3mV	69	15	2816	62
D3mV	70	15	2816	63
D3mV	71	15	2560	0
D3mV	72	15	2560	1
D3mV	73	15	2560	2
D3mV	74	15	2560	3
D3mV	75	15	2560	4
D3mV	76	15	2560	5
D3mV	77	15	2560	6
D3mV	78	15	2560	7
D3mV	79	15	2560	8
D3mV	80	15	2560	9
D3mV	81	15	2560	10
D3mV	82	15	2560	11
D3mV	83	15	2560	12
D3mV	84	15	2560	13
D3mV	85	15	2560	14
D3mV	86	15	2560	15
D3mV	87	15	2560	16
D3mV	88	15	2560	17
D3mV	89	15	2560	18
D3mV	90	15	2560	19
D3mV	91	15	2560	20
D3mV	92	15	2560	21
D3mV	93	15	2560	22
D3mV	94	15	2560	23
D3mV	95	15	2560	24
D3mV	96	15	2560	25
D3mV	97	15	2560	26
D3mV	98	15	2560	27
D3mV	99	15	2560	28
D3mV	100	15	2560	29
D3mV	101	15	2560	30
D3mV	102	15	2560	31
D3mV	103	15	2560	32
D3mV	104	15	2560	33
D3mV	105	15	2560	34
D3mV	106	15	2560	35
D3mV	107	15	2560	36
D3mV	108	15	2560	37
D3mV	109	15	2560	38
D3mV	110	15	2560	39
D3mV	111	15	2560	40
D3mV	112	15	2560	41
D3mV	113	15	2560	42
D3mV	114	15	2560	43
D3mV	115	15	2560	44
D3mV	116	15	2560	45
D3mV	117	15	2560	46
D3mV	118	15	2560	47
D3mV	119	15	2560	48
D3mV	120	15	2560	49
D3mV	121	15	2560	50
D3mV	122	15	2560	51
D3mV	123	15	2560	52
D3mV	124	15	2560	53
D3mV	125	15	2560	54
D3mV	126	15	2560	55
D3mV	127	15	2560	56
D3mV	128	15	2560	57
D3mV	129	15	2560	58
D3mV	130	15	2560	59
D3mV	131	15	2560	60
D3mV	132	15	2560	61
D3mV	133	15	2560	62
D3mV	134	15	2560	63
D3mVp	1	15	3584	34
D3mVp	2	15	3584	35
D3mVp	3	15	3584	36
D3mVp	4	15	3584	37
D3mVp	5	15	3584	38
D3mVp	6	15	3584	39
D3mVp	7	15	3328	0
D3mVp	8	15	3328	1
D3mVp	9	15	3328	2
D3mVp	10	15	3328	3
D3mVp	11	15	3328	4
D3mVp	12	15	3328	5
D3mVp	13	15	3328	6
D3mVp	14	15	3328	7
D3mVp	15	15	3328	8
D3mVp	16	15	3328	9
D3mVp	17	15	3328	10
D3mVp	18	15	3328	11
D3mVp	19	15	3328	12
D3mVp	20	15	3328	13
D3mVp	21	15	3328	14
D3mVp	22	15	3328	15
D3mVp	23	15	3328	16
D3mVp	24	15	3328	17
D3mVp	25	15	3328	18
D3mVp	26	15	3328	19
D3mVp	27	15	3328	20
D3mVp	28	15	3328	21
D3mVp	29	15	3328	22
D3mVp	30	15	3328	23
D3mVp	31	15	3328	24
D3mVp	32	15	3328	25
D3mVp	33	15	3328	26
D3mVp	34	15	3328	27
D3mVp	35	15	3328	28
D3mVp	36	15	3328	29
D3mVp	37	15	3328	30
D3mVp	38	15	3328	31
D3mVp	39	15	3328	32
D3mVp	40	15	3328	33
D3mVp	41	15	3328	34
D3mVp	42	15	3328	35
D3mVp	43	15	3328	36
D3mVp	44	15	3328	37
D3mVp	45	15	3328	38
D3mVp	46	15	3328	39
D3mVp	47	15	3328	40
D3mVp	48	15	3328	41
D3mVp	49	15	3328	42
D3mVp	50	15	3328	43
D3mVp	51	15	3328	44
D3mVp	52	15	3328	45
D3mVp	53	15	3328	46
D3mVp	54	15	3328	47
D3mVp	55	15	3328	48
D3mVp	56	15	3328	49
D3mVp	57	15	3328	50
D3mVp	58	15	3328	51
D3mVp	59	15	3328	52
D3mVp	60	15	3328	53
D3mVp	61	15	3328	54
D3mVp	62	15	3328	55
D3mVp	63	15	3328	56
D3mVp	64	15	3328	57
D3mVp	65	15	3328	58
D3mVp	66	15	3328	59
D3mVp	67	15	3328	60
D3mVp	68	15	3328	61
D3mVp	69	15	3328	62
D3mVp	70	15	3328	63
D3mVp	71	15	3072	0
D3mVp	72	15	3072	1
D3mVp	73	15	3072	2
D3mVp	74	15	3072	3
D3mVp	75	15	3072	4
D3mVp	76	15	3072	5
D3mVp	77	15	3072	6
D3mVp	78	15	3072	7
D3mVp	79	15	3072	8
D3mVp	80	15	3072	9
D3mVp	81	15	3072	10
D3mVp	82	15	3072	11
D3mVp	83	15	3072	12
D3mVp	84	15	3072	13
D3mVp	85	15	3072	14
D3mVp	86	15	3072	15
D3mVp	87	15	3072	16
D3mVp	88	15	3072	17
D3mVp	89	15	3072	18
D3mVp	90	15	3072	19
D3mVp	91	15	3072	20
D3mVp	92	15	3072	21
D3mVp	93	15	3072	22
D3mVp	94	15	3072	23
D3mVp	95	15	3072	24
D3mVp	96	15	3072	25
D3mVp	97	15	3072	26
D3mVp	98	15	3072	27
D3mVp	99	15	3072	28
D3mVp	100	15	3072	29
D3mVp	101	15	3072	30
D3mVp	102	15	3072	31
D3mVp	103	15	3072	32
D3mVp	104	15	3072	33
D3mVp	105	15	3072	34
D3mVp	106	15	3072	35
D3mVp	107	15	3072	36
D3mVp	108	15	3072	37
D3mVp	109	15	3072	38
D3mVp	110	15	3072	39
D3mVp	111	15	3072	40
D3mVp	112	15	3072	41
D3mVp	113	15	3072	42
D3mVp	114	15	3072	43
D3mVp	115	15	3072	44
D3mVp	116	15	3072	45
D3mVp	117	15	3072	46
D3mVp	118	15	3072	47
D3mVp	119	15	3072	48
D3mVp	120	15	3072	49
D3mVp	121	15	3072	50
D3mVp	122	15	3072	51
D3mVp	123	15	3072	52
D3mVp	124	15	3072	53
D3mVp	125	15	3072	54
D3mVp	126	15	3072	55
D3mVp	127	15	3072	56
D3mVp	128	15	3072	57
D3mVp	129	15	3072	58
D3mVp	130	15	3072	59
D3mVp	131	15	3072	60
D3mVp	132	15	3072	61
D3mVp	133	15	3072	62
D3mVp	134	15	3072	63
D3mX	1	23	2560	12
D3mX	2	23	2560	13
D3mX	3	23	2560	14
D3mX	4	23	2560	15
D3mX	5	23	2560	16
D3mX	6	23	2560	17
D3mX	7	23	2560	18
D3mX	8	23	2560	19
D3mX	9	23	2560	20
D3mX	10	23	2560	21
D3mX	11	23	2560	22
D3mX	12	23	2560	23
D3mX	13	23	2560	24
D3mX	14	23	2560	25
D3mX	15	23	2560	26
D3mX	16	23	2560	27
D3mX	17	23	2560	28
D3mX	18	23	2560	29
D3mX	19	23	2560	30
D3mX	20	23	2560	31
D3mX	21	23	2560	32
D3mX	22	23	2560	33
D3mX	23	23	2560	34
D3mX	24	23	2560	35
D3mX	25	23	2560	36
D3mX	26	23	2560	37
D3mX	27	23	2560	38
D3mX	28	23	2560	39
D3mX	29	23	2560	40
D3mX	30	23	2560	41
D3mX	31	23	2560	42
D3mX	32	23	2560	43
D3mX	33	23	2560	44
D3mX	34	23	2560	45
D3mX	35	23	2560	46
D3mX	36	23	2560	47
D3mX	37	23	2560	48
D3mX	38	23	2560	49
D3mX	39	23	2560	50
D3mX	40	23	2560	51
D3mX	41	23	2560	52
D3mX	42	23	2560	53
D3mX	43	23	2560	54
D3mX	44	23	2560	55
D3mX	45	23	2560	56
D3mX	46	23	2560	57
D3mX	47	23	2560	58
D3mX	48	23	2560	59
D3mX	49	23	2560	60
D3mX	50	23	2560	61
D3mX	51	23	2560	62
D3mX	52	23	2560	63
D3mX	53	23	2304	0
D3mX	54	23	2304	1
D3mX	55	23	2304	2
D3mX	56	23	2304	3
D3mX	57	23	2304	4
D3mX	58	23	2304	5
D3mX	59	23	2304	6
D3mX	60	23	2304	7
D3mX	61	23	2304	8
D3mX	62	23	2304	9
D3mX	63	23	2304	10
D3mX	64	23	2304	11
D3mX	65	23	2304	12
D3mX	66	23	2304	13
D3mX	67	23	2304	14
D3mX	68	23	2304	15
D3mX	69	23	2304	16
D3mX	70	23	2304	17
D3mX	71	23	2304	18
D3mX	72	23	2304	19
D3mX	73	23	2304	20
D3mX	74	23	2304	21
D3mX	75	23	2304	22
D3mX	76	23	2304	23
D3mX	77	23	2304	24
D3mX	78	23	2304	25
D3mX	79	23	2304	26
D3mX	80	23	2304	27
D3mX	81	23	2304	28
D3mX	82	23	2304	29
D3mX	83	23	2304	30
D3mX	84	23	2304	31
D3mX	85	23	2304	32
D3mX	86	23	2304	33
D3mX	87	23	2304	34
D3mX	88	23	2304	35
D3mX	89	23	2304	36
D3mX	90	23	2304	37
D3mX	91	23	2304	38
D3mX	92	23	2304	39
D3mX	93	23	2304	40
D3mX	94	23	2304	41
D3mX	95	23	2304	42
D3mX	96	23	2304	43
D3mX	97	23	2304	44
D3mX	98	23	2304	45
D3mX	99	23	2304	46
D3mX	100	23	2304	47
D3mX	101	23	2304	48
D3mX	102	23	2304	49
D3mX	103	23	2304	50
D3mX	104	23	2304	51
D3mX	105	23	2304	52
D3mX	106	23	2304	53
D3mX	107	23	2304	54
D3mX	108	23	2304	55
D3mX	109	23	2304	56
D3mX	110	23	2304	57
D3mX	111	23	2304	58
D3mX	112	23	2304	59
D3mX	113	23	2304	60
D3mX	114	23	2304	61
D3mX	115	23	2304	62
D3mX	116	23	2304	63
D3mXp	1	23	3072	12
D3mXp	2	23	3072	13
D3mXp	3	23	3072	14
D3mXp	4	23	3072	15
D3mXp	5	23	3072	16
D3mXp	6	23	3072	17
D3mXp	7	23	3072	18
D3mXp	8	23	3072	19
D3mXp	9	23	3072	20
D3mXp	10	23	3072	21
D3mXp	11	23	3072	22
D3mXp	12	23	3072	23
D3mXp	13	23	3072	24
D3mXp	14	23	3072	25
D3mXp	15	23	3072	26
D3mXp	16	23	3072	27
D3mXp	17	23	3072	28
D3mXp	18	23	3072	29
D3mXp	19	23	3072	30
D3mXp	20	23	3072	31
D3mXp	21	23	3072	32
D3mXp	22	23	3072	33
D3mXp	23	23	3072	34
D3mXp	24	23	3072	35
D3mXp	25	23	3072	36
D3mXp	26	23	3072	37
D3mXp	27	23	3072	38
D3mXp	28	23	3072	39
D3mXp	29	23	3072	40
D3mXp	30	23	3072	41
D3mXp	31	23	3072	42
D3mXp	32	23	3072	43
D3mXp	33	23	3072	44
D3mXp	34	23	3072	45
D3mXp	35	23	3072	46
D3mXp	36	23	3072	47
D3mXp	37	23	3072	48
D3mXp	38	23	3072	49
D3mXp	39	23	3072	50
D3mXp	40	23	3072	51
D3mXp	41	23	3072	52
D3mXp	42	23	3072	53
D3mXp	43	23	3072	54
D3mXp	44	23	3072	55
D3mXp	45	23	3072	56
D3mXp	46	23	3072	57
D3mXp	47	23	3072	58
D3mXp	48	23	3072	59
D3mXp	49	23	3072	60
D3mXp	50	23	3072	61
D3mXp	51	23	3072	62
D3mXp	52	23	3072	63
D3mXp	53	23	2816	0
D3mXp	54	23	2816	1
D3mXp	55	23	2816	2
D3mXp	56	23	2816	3
D3mXp	57	23	2816	4
D3mXp	58	23	2816	5
D3mXp	59	23	2816	6
D3mXp	60	23	2816	7
D3mXp	61	23	2816	8
D3mXp	62	23	2816	9
D3mXp	63	23	2816	10
D3mXp	64	23	2816	11
D3mXp	65	23	2816	12
D3mXp	66	23	2816	13
D3mXp	67	23	2816	14
D3mXp	68	23	2816	15
D3mXp	69	23	2816	16
D3mXp	70	23	2816	17
D3mXp	71	23	2816	18
D3mXp	72	23	2816	19
D3mXp	73	23	2816	20
D3mXp	74	23	2816	21
D3mXp	75	23	2816	22
D3mXp	76	23	2816	23
D3mXp	77	23	2816	24
D3mXp	78	23	2816	25
D3mXp	79	23	2816	26
D3mXp	80	23	2816	27
D3mXp	81	23	2816	28
D3mXp	82	23	2816	29
D3mXp	83	23	2816	30
D3mXp	84	23	2816	31
D3mXp	85	23	2816	32
D3mXp	86	23	2816	33
D3mXp	87	23	2816	34
D3mXp	88	23	2816	35
D3mXp	89	23	2816	36
D3mXp	90	23	2816	37
D3mXp	91	23	2816	38
D3mXp	92	23	2816	39
D3mXp	93	23	2816	40
D3mXp	94	23	2816	41
D3mXp	95	23	2816	42
D3mXp	96	23	2816	43
D3mXp	97	23	2816	44
D3mXp	98	23	2816	45
D3mXp	99	23	2816	46
D3mXp	100	23	2816	47
D3mXp	101	23	2816	48
D3mXp	102	23	2816	49
D3mXp	103	23	2816	50
D3mXp	104	23	2816	51
D3mXp	105	23	2816	52
D3mXp	106	23	2816	53
D3mXp	107	23	2816	54
D3mXp	108	23	2816	55
D3mXp	109	23	2816	56
D3mXp	110	23	2816	57
D3mXp	111	23	2816	58
D3mXp	112	23	2816	59
D3mXp	113	23	2816	60
D3mXp	114	23	2816	61
D3mXp	115	23	2816	62
D3mXp	116	23	2816	63
D3pU	1	22	3584	63
D3pU	2	22	3584	62
D3pU	3	22	3584	61
D3pU	4	22	3584	60
D3pU	5	22	3584	59
D3pU	6	22	3584	58
D3pU	7	22	3584	57
D3pU	8	22	3584	56
D3pU	9	18	3584	7
D3pU	10	18	3584	6
D3pU	11	18	3584	5
D3pU	12	18	3584	4
D3pU	13	18	3584	3
D3pU	14	18	3584	2
D3pU	15	18	3584	1
D3pU	16	18	3584	0
D3pU	17	18	3584	15
D3pU	18	18	3584	14
D3pU	19	18	3584	13
D3pU	20	18	3584	12
D3pU	21	18	3584	11
D3pU	22	18	3584	10
D3pU	23	18	3584	9
D3pU	24	18	3584	8
D3pU	25	18	3584	23
D3pU	26	18	3584	22
D3pU	27	18	3584	21
D3pU	28	18	3584	20
D3pU	29	18	3584	19
D3pU	30	18	3584	18
D3pU	31	18	3584	17
D3pU	32	18	3584	16
D3pU	33	18	3584	31
D3pU	34	18	3584	30
D3pU	35	18	3584	29
D3pU	36	18	3584	28
D3pU	37	18	3584	27
D3pU	38	18	3584	26
D3pU	39	18	3584	25
D3pU	40	18	3584	24
D3pU	41	18	3584	39
D3pU	42	18	3584	38
D3pU	43	18	3584	37
D3pU	44	18	3584	36
D3pU	45	18	3584	35
D3pU	46	18	3584	34
D3pU	47	18	3584	33
D3pU	48	18	3584	32
D3pU	49	18	3584	47
D3pU	50	18	3584	46
D3pU	51	18	3584	45
D3pU	52	18	3584	44
D3pU	53	18	3584	43
D3pU	54	18	3584	42
D3pU	55	18	3584	41
D3pU	56	18	3584	40
D3pU	57	18	3584	55
D3pU	58	18	3584	54
D3pU	59	18	3584	53
D3pU	60	18	3584	52
D3pU	61	18	3584	51
D3pU	62	18	3584	50
D3pU	63	18	3584	49
D3pU	64	18	3584	48
D3pU	65	18	3584	63
D3pU	66	18	3584	62
D3pU	67	18	3584	61
D3pU	68	18	3584	60
D3pU	69	18	3584	59
D3pU	70	18	3584	58
D3pU	71	18	3584	57
D3pU	72	18	3584	56
D3pU	73	18	3328	7
D3pU	74	18	3328	6
D3pU	75	18	3328	5
D3pU	76	18	3328	4
D3pU	77	18	3328	3
D3pU	78	18	3328	2
D3pU	79	18	3328	1
D3pU	80	18	3328	0
D3pU	81	18	3328	15
D3pU	82	18	3328	14
D3pU	83	18	3328	13
D3pU	84	18	3328	12
D3pU	85	18	3328	11
D3pU	86	18	3328	10
D3pU	87	18	3328	9
D3pU	88	18	3328	8
D3pU	89	18	3328	23
D3pU	90	18	3328	22
D3pU	91	18	3328	21
D3pU	92	18	3328	20
D3pU	93	18	3328	19
D3pU	94	18	3328	18
D3pU	95	18	3328	17
D3pU	96	18	3328	16
D3pU	97	18	3328	31
D3pU	98	18	3328	30
D3pU	99	18	3328	29
D3pU	100	18	3328	28
D3pU	101	18	3328	27
D3pU	102	18	3328	26
D3pU	103	18	3328	25
D3pU	104	18	3328	24
D3pU	105	18	3328	39
D3pU	106	18	3328	38
D3pU	107	18	3328	37
D3pU	108	18	3328	36
D3pU	109	18	3328	35
D3pU	110	18	3328	34
D3pU	111	18	3328	33
D3pU	112	18	3328	32
D3pU	113	18	3328	47
D3pU	114	18	3328	46
D3pU	115	18	3328	45
D3pU	116	18	3328	44
D3pU	117	18	3328	43
D3pU	118	18	3328	42
D3pU	119	18	3328	41
D3pU	120	18	3328	40
D3pU	121	18	3328	55
D3pU	122	18	3328	54
D3pU	123	18	3328	53
D3pU	124	18	3328	52
D3pU	125	18	3328	51
D3pU	126	18	3328	50
D3pU	127	18	3328	49
D3pU	128	18	3328	48
D3pU	129	18	3328	63
D3pU	130	18	3328	62
D3pU	131	18	3328	61
D3pU	132	18	3328	60
D3pU	133	18	3328	59
D3pU	134	18	3328	58
D3pUp	1	22	3584	55
D3pUp	2	22	3584	54
D3pUp	3	22	3584	53
D3pUp	4	22	3584	52
D3pUp	5	22	3584	51
D3pUp	6	22	3584	50
D3pUp	7	22	3584	49
D3pUp	8	22	3584	48
D3pUp	9	22	2304	7
D3pUp	10	22	2304	6
D3pUp	11	22	2304	5
D3pUp	12	22	2304	4
D3pUp	13	22	2304	3
D3pUp	14	22	2304	2
D3pUp	15	22	2304	1
D3pUp	16	22	2304	0
D3pUp	17	22	2304	15
D3pUp	18	22	2304	14
D3pUp	19	22	2304	13
D3pUp	20	22	2304	12
D3pUp	21	22	2304	11
D3pUp	22	22	2304	10
D3pUp	23	22	2304	9
D3pUp	24	22	2304	8
D3pUp	25	22	2304	23
D3pUp	26	22	2304	22
D3pUp	27	22	2304	21
D3pUp	28	22	2304	20
D3pUp	29	22	2304	19
D3pUp	30	22	2304	18
D3pUp	31	22	2304	17
D3pUp	32	22	2304	16
D3pUp	33	22	2304	31
D3pUp	34	22	2304	30
D3pUp	35	22	2304	29
D3pUp	36	22	2304	28
D3pUp	37	22	2304	27
D3pUp	38	22	2304	26
D3pUp	39	22	2304	25
D3pUp	40	22	2304	24
D3pUp	41	22	2304	39
D3pUp	42	22	2304	38
D3pUp	43	22	2304	37
D3pUp	44	22	2304	36
D3pUp	45	22	2304	35
D3pUp	46	22	2304	34
D3pUp	47	22	2304	33
D3pUp	48	22	2304	32
D3pUp	49	22	2304	47
D3pUp	50	22	2304	46
D3pUp	51	22	2304	45
D3pUp	52	22	2304	44
D3pUp	53	22	2304	43
D3pUp	54	22	2304	42
D3pUp	55	22	2304	41
D3pUp	56	22	2304	40
D3pUp	57	22	2304	55
D3pUp	58	22	2304	54
D3pUp	59	22	2304	53
D3pUp	60	22	2304	52
D3pUp	61	22	2304	51
D3pUp	62	22	2304	50
D3pUp	63	22	2304	49
D3pUp	64	22	2304	48
D3pUp	65	22	2304	63
D3pUp	66	22	2304	62
D3pUp	67	22	2304	61
D3pUp	68	22	2304	60
D3pUp	69	22	2304	59
D3pUp	70	22	2304	58
D3pUp	71	22	2304	57
D3pUp	72	22	2304	56
D3pUp	73	18	3840	7
D3pUp	74	18	3840	6
D3pUp	75	18	3840	5
D3pUp	76	18	3840	4
D3pUp	77	18	3840	3
D3pUp	78	18	3840	2
D3pUp	79	18	3840	1
D3pUp	80	18	3840	0
D3pUp	81	18	3840	15
D3pUp	82	18	3840	14
D3pUp	83	18	3840	13
D3pUp	84	18	3840	12
D3pUp	85	18	3840	11
D3pUp	86	18	3840	10
D3pUp	87	18	3840	9
D3pUp	88	18	3840	8
D3pUp	89	18	3840	23
D3pUp	90	18	3840	22
D3pUp	91	18	3840	21
D3pUp	92	18	3840	20
D3pUp	93	18	3840	19
D3pUp	94	18	3840	18
D3pUp	95	18	3840	17
D3pUp	96	18	3840	16
D3pUp	97	18	3840	31
D3pUp	98	18	3840	30
D3pUp	99	18	3840	29
D3pUp	100	18	3840	28
D3pUp	101	18	3840	27
D3pUp	102	18	3840	26
D3pUp	103	18	3840	25
D3pUp	104	18	3840	24
D3pUp	105	18	3840	39
D3pUp	106	18	3840	38
D3pUp	107	18	3840	37
D3pUp	108	18	3840	36
D3pUp	109	18	3840	35
D3pUp	110	18	3840	34
D3pUp	111	18	3840	33
D3pUp	112	18	3840	32
D3pUp	113	18	3840	47
D3pUp	114	18	3840	46
D3pUp	115	18	3840	45
D3pUp	116	18	3840	44
D3pUp	117	18	3840	43
D3pUp	118	18	3840	42
D3pUp	119	18	3840	41
D3pUp	120	18	3840	40
D3pUp	121	18	3840	55
D3pUp	122	18	3840	54
D3pUp	123	18	3840	53
D3pUp	124	18	3840	52
D3pUp	125	18	3840	51
D3pUp	126	18	3840	50
D3pUp	127	18	3840	49
D3pUp	128	18	3840	48
D3pUp	129	18	3840	63
D3pUp	130	18	3840	62
D3pUp	131	18	3840	61
D3pUp	132	18	3840	60
D3pUp	133	18	3840	59
D3pUp	134	18	3840	58
D3pV	1	22	3584	47
D3pV	2	22	3584	46
D3pV	3	22	3584	45
D3pV	4	22	3584	44
D3pV	5	22	3584	43
D3pV	6	22	3584	42
D3pV	7	22	3584	41
D3pV	8	22	3584	40
D3pV	9	22	2816	7
D3pV	10	22	2816	6
D3pV	11	22	2816	5
D3pV	12	22	2816	4
D3pV	13	22	2816	3
D3pV	14	22	2816	2
D3pV	15	22	2816	1
D3pV	16	22	2816	0
D3pV	17	22	2816	15
D3pV	18	22	2816	14
D3pV	19	22	2816	13
D3pV	20	22	2816	12
D3pV	21	22	2816	11
D3pV	22	22	2816	10
D3pV	23	22	2816	9
D3pV	24	22	2816	8
D3pV	25	22	2816	23
D3pV	26	22	2816	22
D3pV	27	22	2816	21
D3pV	28	22	2816	20
D3pV	29	22	2816	19
D3pV	30	22	2816	18
D3pV	31	22	2816	17
D3pV	32	22	2816	16
D3pV	33	22	2816	31
D3pV	34	22	2816	30
D3pV	35	22	2816	29
D3pV	36	22	2816	28
D3pV	37	22	2816	27
D3pV	38	22	2816	26
D3pV	39	22	2816	25
D3pV	40	22	2816	24
D3pV	41	22	2816	39
D3pV	42	22	2816	38
D3pV	43	22	2816	37
D3pV	44	22	2816	36
D3pV	45	22	2816	35
D3pV	46	22	2816	34
D3pV	47	22	2816	33
D3pV	48	22	2816	32
D3pV	49	22	2816	47
D3pV	50	22	2816	46
D3pV	51	22	2816	45
D3pV	52	22	2816	44
D3pV	53	22	2816	43
D3pV	54	22	2816	42
D3pV	55	22	2816	41
D3pV	56	22	2816	40
D3pV	57	22	2816	55
D3pV	58	22	2816	54
D3pV	59	22	2816	53
D3pV	60	22	2816	52
D3pV	61	22	2816	51
D3pV	62	22	2816	50
D3pV	63	22	2816	49
D3pV	64	22	2816	48
D3pV	65	22	2816	63
D3pV	66	22	2816	62
D3pV	67	22	2816	61
D3pV	68	22	2816	60
D3pV	69	22	2816	59
D3pV	70	22	2816	58
D3pV	71	22	2816	57
D3pV	72	22	2816	56
D3pV	73	22	2560	7
D3pV	74	22	2560	6
D3pV	75	22	2560	5
D3pV	76	22	2560	4
D3pV	77	22	2560	3
D3pV	78	22	2560	2
D3pV	79	22	2560	1
D3pV	80	22	2560	0
D3pV	81	22	2560	15
D3pV	82	22	2560	14
D3pV	83	22	2560	13
D3pV	84	22	2560	12
D3pV	85	22	2560	11
D3pV	86	22	2560	10
D3pV	87	22	2560	9
D3pV	88	22	2560	8
D3pV	89	22	2560	23
D3pV	90	22	2560	22
D3pV	91	22	2560	21
D3pV	92	22	2560	20
D3pV	93	22	2560	19
D3pV	94	22	2560	18
D3pV	95	22	2560	17
D3pV	96	22	2560	16
D3pV	97	22	2560	31
D3pV	98	22	2560	30
D3pV	99	22	2560	29
D3pV	100	22	2560	28
D3pV	101	22	2560	27
D3pV	102	22	2560	26
D3pV	103	22	2560	25
D3pV	104	22	2560	24
D3pV	105	22	2560	39
D3pV	106	22	2560	38
D3pV	107	22	2560	37
D3pV	108	22	2560	36
D3pV	109	22	2560	35
D3pV	110	22	2560	34
D3pV	111	22	2560	33
D3pV	112	22	2560	32
D3pV	113	22	2560	47
D3pV	114	22	2560	46
D3pV	115	22	2560	45
D3pV	116	22	2560	44
D3pV	117	22	2560	43
D3pV	118	22	2560	42
D3pV	119	22	2560	41
D3pV	120	22	2560	40
D3pV	121	22	2560	55
D3pV	122	22	2560	54
D3pV	123	22	2560	53
D3pV	124	22	2560	52
D3pV	125	22	2560	51
D3pV	126	22	2560	50
D3pV	127	22	2560	49
D3pV	128	22	2560	48
D3pV	129	22	2560	63
D3pV	130	22	2560	62
D3pV	131	22	2560	61
D3pV	132	22	2560	60
D3pV	133	22	2560	59
D3pV	134	22	2560	58
D3pVp	1	22	3584	39
D3pVp	2	22	3584	38
D3pVp	3	22	3584	37
D3pVp	4	22	3584	36
D3pVp	5	22	3584	35
D3pVp	6	22	3584	34
D3pVp	7	22	3584	33
D3pVp	8	22	3584	32
D3pVp	9	22	3328	7
D3pVp	10	22	3328	6
D3pVp	11	22	3328	5
D3pVp	12	22	3328	4
D3pVp	13	22	3328	3
D3pVp	14	22	3328	2
D3pVp	15	22	3328	1
D3pVp	16	22	3328	0
D3pVp	17	22	3328	15
D3pVp	18	22	3328	14
D3pVp	19	22	3328	13
D3pVp	20	22	3328	12
D3pVp	21	22	3328	11
D3pVp	22	22	3328	10
D3pVp	23	22	3328	9
D3pVp	24	22	3328	8
D3pVp	25	22	3328	23
D3pVp	26	22	3328	22
D3pVp	27	22	3328	21
D3pVp	28	22	3328	20
D3pVp	29	22	3328	19
D3pVp	30	22	3328	18
D3pVp	31	22	3328	17
D3pVp	32	22	3328	16
D3pVp	33	22	3328	31
D3pVp	34	22	3328	30
D3pVp	35	22	3328	29
D3pVp	36	22	3328	28
D3pVp	37	22	3328	27
D3pVp	38	22	3328	26
D3pVp	39	22	3328	25
D3pVp	40	22	3328	24
D3pVp	41	22	3328	39
D3pVp	42	22	3328	38
D3pVp	43	22	3328	37
D3pVp	44	22	3328	36
D3pVp	45	22	3328	35
D3pVp	46	22	3328	34
D3pVp	47	22	3328	33
D3pVp	48	22	3328	32
D3pVp	49	22	3328	47
D3pVp	50	22	3328	46
D3pVp	51	22	3328	45
D3pVp	52	22	3328	44
D3pVp	53	22	3328	43
D3pVp	54	22	3328	42
D3pVp	55	22	3328	41
D3pVp	56	22	3328	40
D3pVp	57	22	3328	55
D3pVp	58	22	3328	54
D3pVp	59	22	3328	53
D3pVp	60	22	3328	52
D3pVp	61	22	3328	51
D3pVp	62	22	3328	50
D3pVp	63	22	3328	49
D3pVp	64	22	3328	48
D3pVp	65	22	3328	63
D3pVp	66	22	3328	62
D3pVp	67	22	3328	61
D3pVp	68	22	3328	60
D3pVp	69	22	3328	59
D3pVp	70	22	3328	58
D3pVp	71	22	3328	57
D3pVp	72	22	3328	56
D3pVp	73	22	3072	7
D3pVp	74	22	3072	6
D3pVp	75	22	3072	5
D3pVp	76	22	3072	4
D3pVp	77	22	3072	3
D3pVp	78	22	3072	2
D3pVp	79	22	3072	1
D3pVp	80	22	3072	0
D3pVp	81	22	3072	15
D3pVp	82	22	3072	14
D3pVp	83	22	3072	13
D3pVp	84	22	3072	12
D3pVp	85	22	3072	11
D3pVp	86	22	3072	10
D3pVp	87	22	3072	9
D3pVp	88	22	3072	8
D3pVp	89	22	3072	23
D3pVp	90	22	3072	22
D3pVp	91	22	3072	21
D3pVp	92	22	3072	20
D3pVp	93	22	3072	19
D3pVp	94	22	3072	18
D3pVp	95	22	3072	17
D3pVp	96	22	3072	16
D3pVp	97	22	3072	31
D3pVp	98	22	3072	30
D3pVp	99	22	3072	29
D3pVp	100	22	3072	28
D3pVp	101	22	3072	27
D3pVp	102	22	3072	26
D3pVp	103	22	3072	25
D3pVp	104	22	3072	24
D3pVp	105	22	3072	39
D3pVp	106	22	3072	38
D3pVp	107	22	3072	37
D3pVp	108	22	3072	36
D3pVp	109	22	3072	35
D3pVp	110	22	3072	34
D3pVp	111	22	3072	33
D3pVp	112	22	3072	32
D3pVp	113	22	3072	47
D3pVp	114	22	3072	46
D3pVp	115	22	3072	45
D3pVp	116	22	3072	44
D3pVp	117	22	3072	43
D3pVp	118	22	3072	42
D3pVp	119	22	3072	41
D3pVp	120	22	3072	40
D3pVp	121	22	3072	55
D3pVp	122	22	3072	54
D3pVp	123	22	3072	53
D3pVp	124	22	3072	52
D3pVp	125	22	3072	51
D3pVp	126	22	3072	50
D3pVp	127	22	3072	49
D3pVp	128	22	3072	48
D3pVp	129	22	3072	63
D3pVp	130	22	3072	62
D3pVp	131	22	3072	61
D3pVp	132	22	3072	60
D3pVp	133	22	3072	59
D3pVp	134	22	3072	58
D3pX	1	18	2560	15
D3pX	2	18	2560	14
D3pX	3	18	2560	13
D3pX	4	18	2560	12
D3pX	5	18	2560	11
D3pX	6	18	2560	10
D3pX	7	18	2560	9
D3pX	8	18	2560	8
D3pX	9	18	2560	23
D3pX	10	18	2560	22
D3pX	11	18	2560	21
D3pX	12	18	2560	20
D3pX	13	18	2560	19
D3pX	14	18	2560	18
D3pX	15	18	2560	17
D3pX	16	18	2560	16
D3pX	17	18	2560	31
D3pX	18	18	2560	30
D3pX	19	18	2560	29
D3pX	20	18	2560	28
D3pX	21	18	2560	27
D3pX	22	18	2560	26
D3pX	23	18	2560	25
D3pX	24	18	2560	24
D3pX	25	18	2560	39
D3pX	26	18	2560	38
D3pX	27	18	2560	37
D3pX	28	18	2560	36
D3pX	29	18	2560	35
D3pX	30	18	2560	34
D3pX	31	18	2560	33
D3pX	32	18	2560	32
D3pX	33	18	2560	47
D3pX	34	18	2560	46
D3pX	35	18	2560	45
D3pX	36	18	2560	44
D3pX	37	18	2560	43
D3pX	38	18	2560	42
D3pX	39	18	2560	41
D3pX	40	18	2560	40
D3pX	41	18	2560	55
D3pX	42	18	2560	54
D3pX	43	18	2560	53
D3pX	44	18	2560	52
D3pX	45	18	2560	51
D3pX	46	18	2560	50
D3pX	47	18	2560	49
D3pX	48	18	2560	48
D3pX	49	18	2560	63
D3pX	50	18	2560	62
D3pX	51	18	2560	61
D3pX	52	18	2560	60
D3pX	53	18	2560	59
D3pX	54	18	2560	58
D3pX	55	18	2560	57
D3pX	56	18	2560	56
D3pX	57	18	2304	7
D3pX	58	18	2304	6
D3pX	59	18	2304	5
D3pX	60	18	2304	4
D3pX	61	18	2304	3
D3pX	62	18	2304	2
D3pX	63	18	2304	1
D3pX	64	18	2304	0
D3pX	65	18	2304	15
D3pX	66	18	2304	14
D3pX	67	18	2304	13
D3pX	68	18	2304	12
D3pX	69	18	2304	11
D3pX	70	18	2304	10
D3pX	71	18	2304	9
D3pX	72	18	2304	8
D3pX	73	18	2304	23
D3pX	74	18	2304	22
D3pX	75	18	2304	21
D3pX	76	18	2304	20
D3pX	77	18	2304	19
D3pX	78	18	2304	18
D3pX	79	18	2304	17
D3pX	80	18	2304	16
D3pX	81	18	2304	31
D3pX	82	18	2304	30
D3pX	83	18	2304	29
D3pX	84	18	2304	28
D3pX	85	18	2304	27
D3pX	86	18	2304	26
D3pX	87	18	2304	25
D3pX	88	18	2304	24
D3pX	89	18	2304	39
D3pX	90	18	2304	38
D3pX	91	18	2304	37
D3pX	92	18	2304	36
D3pX	93	18	2304	35
D3pX	94	18	2304	34
D3pX	95	18	2304	33
D3pX	96	18	2304	32
D3pX	97	18	2304	47
D3pX	98	18	2304	46
D3pX	99	18	2304	45
D3pX	100	18	2304	44
D3pX	101	18	2304	43
D3pX	102	18	2304	42
D3pX	103	18	2304	41
D3pX	104	18	2304	40
D3pX	105	18	2304	55
D3pX	106	18	2304	54
D3pX	107	18	2304	53
D3pX	108	18	2304	52
D3pX	109	18	2304	51
D3pX	110	18	2304	50
D3pX	111	18	2304	49
D3pX	112	18	2304	48
D3pX	113	18	2304	63
D3pX	114	18	2304	62
D3pX	115	18	2304	61
D3pX	116	18	2304	60
D3pXp	1	18	3072	15
D3pXp	2	18	3072	14
D3pXp	3	18	3072	13
D3pXp	4	18	3072	12
D3pXp	5	18	3072	11
D3pXp	6	18	3072	10
D3pXp	7	18	3072	9
D3pXp	8	18	3072	8
D3pXp	9	18	3072	23
D3pXp	10	18	3072	22
D3pXp	11	18	3072	21
D3pXp	12	18	3072	20
D3pXp	13	18	3072	19
D3pXp	14	18	3072	18
D3pXp	15	18	3072	17
D3pXp	16	18	3072	16
D3pXp	17	18	3072	31
D3pXp	18	18	3072	30
D3pXp	19	18	3072	29
D3pXp	20	18	3072	28
D3pXp	21	18	3072	27
D3pXp	22	18	3072	26
D3pXp	23	18	3072	25
D3pXp	24	18	3072	24
D3pXp	25	18	3072	39
D3pXp	26	18	3072	38
D3pXp	27	18	3072	37
D3pXp	28	18	3072	36
D3pXp	29	18	3072	35
D3pXp	30	18	3072	34
D3pXp	31	18	3072	33
D3pXp	32	18	3072	32
D3pXp	33	18	3072	47
D3pXp	34	18	3072	46
D3pXp	35	18	3072	45
D3pXp	36	18	3072	44
D3pXp	37	18	3072	43
D3pXp	38	18	3072	42
D3pXp	39	18	3072	41
D3pXp	40	18	3072	40
D3pXp	41	18	3072	55
D3pXp	42	18	3072	54
D3pXp	43	18	3072	53
D3pXp	44	18	3072	52
D3pXp	45	18	3072	51
D3pXp	46	18	3072	50
D3pXp	47	18	3072	49
D3pXp	48	18	3072	48
D3pXp	49	18	3072	63
D3pXp	50	18	3072	62
D3pXp	51	18	3072	61
D3pXp	52	18	3072	60
D3pXp	53	18	3072	59
D3pXp	54	18	3072	58
D3pXp	55	18	3072	57
D3pXp	56	18	3072	56
D3pXp	57	18	2816	7
D3pXp	58	18	2816	6
D3pXp	59	18	2816	5
D3pXp	60	18	2816	4
D3pXp	61	18	2816	3
D3pXp	62	18	2816	2
D3pXp	63	18	2816	1
D3pXp	64	18	2816	0
D3pXp	65	18	2816	15
D3pXp	66	18	2816	14
D3pXp	67	18	2816	13
D3pXp	68	18	2816	12
D3pXp	69	18	2816	11
D3pXp	70	18	2816	10
D3pXp	71	18	2816	9
D3pXp	72	18	2816	8
D3pXp	73	18	2816	23
D3pXp	74	18	2816	22
D3pXp	75	18	2816	21
D3pXp	76	18	2816	20
D3pXp	77	18	2816	19
D3pXp	78	18	2816	18
D3pXp	79	18	2816	17
D3pXp	80	18	2816	16
D3pXp	81	18	2816	31
D3pXp	82	18	2816	30
D3pXp	83	18	2816	29
D3pXp	84	18	2816	28
D3pXp	85	18	2816	27
D3pXp	86	18	2816	26
D3pXp	87	18	2816	25
D3pXp	88	18	2816	24
D3pXp	89	18	2816	39
D3pXp	90	18	2816	38
D3pXp	91	18	2816	37
D3pXp	92	18	2816	36
D3pXp	93	18	2816	35
D3pXp	94	18	2816	34
D3pXp	95	18	2816	33
D3pXp	96	18	2816	32
D3pXp	97	18	2816	47
D3pXp	98	18	2816	46
D3pXp	99	18	2816	45
D3pXp	100	18	2816	44
D3pXp	101	18	2816	43
D3pXp	102	18	2816	42
D3pXp	103	18	2816	41
D3pXp	104	18	2816	40
D3pXp	105	18	2816	55
D3pXp	106	18	2816	54
D3pXp	107	18	2816	53
D3pXp	108	18	2816	52
D3pXp	109	18	2816	51
D3pXp	110	18	2816	50
D3pXp	111	18	2816	49
D3pXp	112	18	2816	48
D3pXp	113	18	2816	63
D3pXp	114	18	2816	62
D3pXp	115	18	2816	61
D3pXp	116	18	2816	60
P1H1f	65	17	3328	0
P1H1f	66	17	3328	1
P1H1f	67	17	3328	2
P1H1f	68	17	3328	3
P1H1f	69	17	3328	4
P1H1f	70	17	3328	5
P1H1f	71	17	3328	6
P1H1f	72	17	3328	7
P1H1b	65	17	3328	8
P1H1b	66	17	3328	9
P1H1b	67	17	3328	10
P1H1b	68	17	3328	11
P1H1b	69	17	3328	12
P1H1b	70	17	3328	13
P1H1b	71	17	3328	14
P1H1b	72	17	3328	15
P1H2f	57	17	3328	16
P1H2f	58	17	3328	17
P1H2f	59	17	3328	18
P1H2f	60	17	3328	19
P1H2f	61	17	3328	20
P1H2f	62	17	3328	21
P1H2f	63	17	3328	22
P1H2f	64	17	3328	23
P1H2b	57	17	3328	24
P1H2b	58	17	3328	25
P1H2b	59	17	3328	26
P1H2b	60	17	3328	27
P1H2b	61	17	3328	28
P1H2b	62	17	3328	29
P1H2b	63	17	3328	30
P1H2b	64	17	3328	31
P1H3f	49	17	3328	32
P1H3f	50	17	3328	33
P1H3f	51	17	3328	34
P1H3f	52	17	3328	35
P1H3f	53	17	3328	36
P1H3f	54	17	3328	37
P1H3f	55	17	3328	38
P1H3f	56	17	3328	39
P1H3b	49	17	3328	40
P1H3b	50	17	3328	41
P1H3b	51	17	3328	42
P1H3b	52	17	3328	43
P1H3b	53	17	3328	44
P1H3b	54	17	3328	45
P1H3b	55	17	3328	46
P1H3b	56	17	3328	47
P1H4f	41	17	3328	48
P1H4f	42	17	3328	49
P1H4f	43	17	3328	50
P1H4f	44	17	3328	51
P1H4f	45	17	3328	52
P1H4f	46	17	3328	53
P1H4f	47	17	3328	54
P1H4f	48	17	3328	55
P1H4b	41	17	3328	56
P1H4b	42	17	3328	57
P1H4b	43	17	3328	58
P1H4b	44	17	3328	59
P1H4b	45	17	3328	60
P1H4b	46	17	3328	61
P1H4b	47	17	3328	62
P1H4b	48	17	3328	63
P1H5f	33	17	3584	0
P1H5f	34	17	3584	1
P1H5f	35	17	3584	2
P1H5f	36	17	3584	3
P1H5f	37	17	3584	4
P1H5f	38	17	3584	5
P1H5f	39	17	3584	6
P1H5f	40	17	3584	7
P1H5b	33	17	3584	8
P1H5b	34	17	3584	9
P1H5b	35	17	3584	10
P1H5b	36	17	3584	11
P1H5b	37	17	3584	12
P1H5b	38	17	3584	13
P1H5b	39	17	3584	14
P1H5b	40	17	3584	15
P1H6f	25	17	3584	16
P1H6f	26	17	3584	17
P1H6f	27	17	3584	18
P1H6f	28	17	3584	19
P1H6f	29	17	3584	20
P1H6f	30	17	3584	21
P1H6f	31	17	3584	22
P1H6f	32	17	3584	23
P1H6b	25	17	3584	24
P1H6b	26	17	3584	25
P1H6b	27	17	3584	26
P1H6b	28	17	3584	27
P1H6b	29	17	3584	28
P1H6b	30	17	3584	29
P1H6b	31	17	3584	30
P1H6b	32	17	3584	31
P1H7f	17	17	3584	32
P1H7f	18	17	3584	33
P1H7f	19	17	3584	34
P1H7f	20	17	3584	35
P1H7f	21	17	3584	36
P1H7f	22	17	3584	37
P1H7f	23	17	3584	38
P1H7f	24	17	3584	39
P1H7b	17	17	3584	40
P1H7b	18	17	3584	41
P1H7b	19	17	3584	42
P1H7b	20	17	3584	43
P1H7b	21	17	3584	44
P1H7b	22	17	3584	45
P1H7b	23	17	3584	46
P1H7b	24	17	3584	47
P1H8f	9	17	3584	48
P1H8f	10	17	3584	49
P1H8f	11	17	3584	50
P1H8f	12	17	3584	51
P1H8f	13	17	3584	52
P1H8f	14	17	3584	53
P1H8f	15	17	3584	54
P1H8f	16	17	3584	55
P1H8b	9	17	3584	56
P1H8b	10	17	3584	57
P1H8b	11	17	3584	58
P1H8b	12	17	3584	59
P1H8b	13	17	3584	60
P1H8b	14	17	3584	61
P1H8b	15	17	3584	62
P1H8b	16	17	3584	63
P1H9f	1	17	3840	0
P1H9f	2	17	3840	1
P1H9f	3	17	3840	2
P1H9f	4	17	3840	3
P1H9f	5	17	3840	4
P1H9f	6	17	3840	5
P1H9f	7	17	3840	6
P1H9f	8	17	3840	7
P1H9b	1	17	3840	8
P1H9b	2	17	3840	9
P1H9b	3	17	3840	10
P1H9b	4	17	3840	11
P1H9b	5	17	3840	12
P1H9b	6	17	3840	13
P1H9b	7	17	3840	14
P1H9b	8	17	3840	15
P1V1f	65	17	3840	16
P1V1f	66	17	3840	17
P1V1f	67	17	3840	18
P1V1f	68	17	3840	19
P1V1f	69	17	3840	20
P1V1f	70	17	3840	21
P1V1f	71	17	3840	22
P1V1f	72	17	3840	23
P1V1b	65	17	3840	24
P1V1b	66	17	3840	25
P1V1b	67	17	3840	26
P1V1b	68	17	3840	27
P1V1b	69	17	3840	28
P1V1b	70	17	3840	29
P1V1b	71	17	3840	30
P1V1b	72	17	3840	31
P1V2f	57	17	3840	32
P1V2f	58	17	3840	33
P1V2f	59	17	3840	34
P1V2f	60	17	3840	35
P1V2f	61	17	3840	36
P1V2f	62	17	3840	37
P1V2f	63	17	3840	38
P1V2f	64	17	3840	39
P1V2b	57	17	3840	40
P1V2b	58	17	3840	41
P1V2b	59	17	3840	42
P1V2b	60	17	3840	43
P1V2b	61	17	3840	44
P1V2b	62	17	3840	45
P1V2b	63	17	3840	46
P1V2b	64	17	3840	47
P1V3f	49	17	3840	48
P1V3f	50	17	3840	49
P1V3f	51	17	3840	50
P1V3f	52	17	3840	51
P1V3f	53	17	3840	52
P1V3f	54	17	3840	53
P1V3f	55	17	3840	54
P1V3f	56	17	3840	55
P1V3b	49	17	3840	56
P1V3b	50	17	3840	57
P1V3b	51	17	3840	58
P1V3b	52	17	3840	59
P1V3b	53	17	3840	60
P1V3b	54	17	3840	61
P1V3b	55	17	3840	62
P1V3b	56	17	3840	63
P1V4f	41	21	2304	0
P1V4f	42	21	2304	1
P1V4f	43	21	2304	2
P1V4f	44	21	2304	3
P1V4f	45	21	2304	4
P1V4f	46	21	2304	5
P1V4f	47	21	2304	6
P1V4f	48	21	2304	7
P1V4b	41	21	2304	8
P1V4b	42	21	2304	9
P1V4b	43	21	2304	10
P1V4b	44	21	2304	11
P1V4b	45	21	2304	12
P1V4b	46	21	2304	13
P1V4b	47	21	2304	14
P1V4b	48	21	2304	15
P1V5f	33	21	2304	16
P1V5f	34	21	2304	17
P1V5f	35	21	2304	18
P1V5f	36	21	2304	19
P1V5f	37	21	2304	20
P1V5f	38	21	2304	21
P1V5f	39	21	2304	22
P1V5f	40	21	2304	23
P1V5b	33	21	2304	24
P1V5b	34	21	2304	25
P1V5b	35	21	2304	26
P1V5b	36	21	2304	27
P1V5b	37	21	2304	28
P1V5b	38	21	2304	29
P1V5b	39	21	2304	30
P1V5b	40	21	2304	31
P1V6f	25	21	2304	32
P1V6f	26	21	2304	33
P1V6f	27	21	2304	34
P1V6f	28	21	2304	35
P1V6f	29	21	2304	36
P1V6f	30	21	2304	37
P1V6f	31	21	2304	38
P1V6f	32	21	2304	39
P1V6b	25	21	2304	40
P1V6b	26	21	2304	41
P1V6b	27	21	2304	42
P1V6b	28	21	2304	43
P1V6b	29	21	2304	44
P1V6b	30	21	2304	45
P1V6b	31	21	2304	46
P1V6b	32	21	2304	47
P1V7f	17	21	2304	48
P1V7f	18	21	2304	49
P1V7f	19	21	2304	50
P1V7f	20	21	2304	51
P1V7f	21	21	2304	52
P1V7f	22	21	2304	53
P1V7f	23	21	2304	54
P1V7f	24	21	2304	55
P1V7b	17	21	2304	56
P1V7b	18	21	2304	57
P1V7b	19	21	2304	58
P1V7b	20	21	2304	59
P1V7b	21	21	2304	60
P1V7b	22	21	2304	61
P1V7b	23	21	2304	62
P1V7b	24	21	2304	63
P1V8f	9	21	2560	0
P1V8f	10	21	2560	1
P1V8f	11	21	2560	2
P1V8f	12	21	2560	3
P1V8f	13	21	2560	4
P1V8f	14	21	2560	5
P1V8f	15	21	2560	6
P1V8f	16	21	2560	7
P1V8b	9	21	2560	8
P1V8b	10	21	2560	9
P1V8b	11	21	2560	10
P1V8b	12	21	2560	11
P1V8b	13	21	2560	12
P1V8b	14	21	2560	13
P1V8b	15	21	2560	14
P1V8b	16	21	2560	15
P1V9f	1	21	2560	16
P1V9f	2	21	2560	17
P1V9f	3	21	2560	18
P1V9f	4	21	2560	19
P1V9f	5	21	2560	20
P1V9f	6	21	2560	21
P1V9f	7	21	2560	22
P1V9f	8	21	2560	23
P1V9b	1	21	2560	24
P1V9b	2	21	2560	25
P1V9b	3	21	2560	26
P1V9b	4	21	2560	27
P1V9b	5	21	2560	28
P1V9b	6	21	2560	29
P1V9b	7	21	2560	30
P1V9b	8	21	2560	31
P2V1f	65	21	2560	32
P2V1f	66	21	2560	33
P2V1f	67	21	2560	34
P2V1f	68	21	2560	35
P2V1f	69	21	2560	36
P2V1f	70	21	2560	37
P2V1f	71	21	2560	38
P2V1f	72	21	2560	39
P2V1b	65	21	2560	40
P2V1b	66	21	2560	41
P2V1b	67	21	2560	42
P2V1b	68	21	2560	43
P2V1b	69	21	2560	44
P2V1b	70	21	2560	45
P2V1b	71	21	2560	46
P2V1b	72	21	2560	47
P2V2f	57	21	2560	48
P2V2f	58	21	2560	49
P2V2f	59	21	2560	50
P2V2f	60	21	2560	51
P2V2f	61	21	2560	52
P2V2f	62	21	2560	53
P2V2f	63	21	2560	54
P2V2f	64	21	2560	55
P2V2b	57	21	2560	56
P2V2b	58	21	2560	57
P2V2b	59	21	2560	58
P2V2b	60	21	2560	59
P2V2b	61	21	2560	60
P2V2b	62	21	2560	61
P2V2b	63	21	2560	62
P2V2b	64	21	2560	63
P2V3f	49	21	2816	0
P2V3f	50	21	2816	1
P2V3f	51	21	2816	2
P2V3f	52	21	2816	3
P2V3f	53	21	2816	4
P2V3f	54	21	2816	5
P2V3f	55	21	2816	6
P2V3f	56	21	2816	7
P2V3b	49	21	2816	8
P2V3b	50	21	2816	9
P2V3b	51	21	2816	10
P2V3b	52	21	2816	11
P2V3b	53	21	2816	12
P2V3b	54	21	2816	13
P2V3b	55	21	2816	14
P2V3b	56	21	2816	15
P2V4f	41	21	2816	16
P2V4f	42	21	2816	17
P2V4f	43	21	2816	18
P2V4f	44	21	2816	19
P2V4f	45	21	2816	20
P2V4f	46	21	2816	21
P2V4f	47	21	2816	22
P2V4f	48	21	2816	23
P2V4b	41	21	2816	24
P2V4b	42	21	2816	25
P2V4b	43	21	2816	26
P2V4b	44	21	2816	27
P2V4b	45	21	2816	28
P2V4b	46	21	2816	29
P2V4b	47	21	2816	30
P2V4b	48	21	2816	31
P2V5f	33	21	2816	32
P2V5f	34	21	2816	33
P2V5f	35	21	2816	34
P2V5f	36	21	2816	35
P2V5f	37	21	2816	36
P2V5f	38	21	2816	37
P2V5f	39	21	2816	38
P2V5f	40	21	2816	39
P2V5b	33	21	2816	40
P2V5b	34	21	2816	41
P2V5b	35	21	2816	42
P2V5b	36	21	2816	43
P2V5b	37	21	2816	44
P2V5b	38	21	2816	45
P2V5b	39	21	2816	46
P2V5b	40	21	2816	47
P2V6f	25	21	2816	48
P2V6f	26	21	2816	49
P2V6f	27	21	2816	50
P2V6f	28	21	2816	51
P2V6f	29	21	2816	52
P2V6f	30	21	2816	53
P2V6f	31	21	2816	54
P2V6f	32	21	2816	55
P2V6b	25	21	2816	56
P2V6b	26	21	2816	57
P2V6b	27	21	2816	58
P2V6b	28	21	2816	59
P2V6b	29	21	2816	60
P2V6b	30	21	2816	61
P2V6b	31	21	2816	62
P2V6b	32	21	2816	63
P2V7f	17	21	3072	0
P2V7f	18	21	3072	1
P2V7f	19	21	3072	2
P2V7f	20	21	3072	3
P2V7f	21	21	3072	4
P2V7f	22	21	3072	5
P2V7f	23	21	3072	6
P2V7f	24	21	3072	7
P2V7b	17	21	3072	8
P2V7b	18	21	3072	9
P2V7b	19	21	3072	10
P2V7b	20	21	3072	11
P2V7b	21	21	3072	12
P2V7b	22	21	3072	13
P2V7b	23	21	3072	14
P2V7b	24	21	3072	15
P2V8f	9	21	3072	16
P2V8f	10	21	3072	17
P2V8f	11	21	3072	18
P2V8f	12	21	3072	19
P2V8f	13	21	3072	20
P2V8f	14	21	3072	21
P2V8f	15	21	3072	22
P2V8f	16	21	3072	23
P2V8b	9	21	3072	24
P2V8b	10	21	3072	25
P2V8b	11	21	3072	26
P2V8b	12	21	3072	27
P2V8b	13	21	3072	28
P2V8b	14	21	3072	29
P2V8b	15	21	3072	30
P2V8b	16	21	3072	31
P2V9f	1	21	3072	32
P2V9f	2	21	3072	33
P2V9f	3	21	3072	34
P2V9f	4	21	3072	35
P2V9f	5	21	3072	36
P2V9f	6	21	3072	37
P2V9f	7	21	3072	38
P2V9f	8	21	3072	39
P2V9b	1	21	3072	40
P2V9b	2	21	3072	41
P2V9b	3	21	3072	42
P2V9b	4	21	3072	43
P2V9b	5	21	3072	44
P2V9b	6	21	3072	45
P2V9b	7	21	3072	46
P2V9b	8	21	3072	47
P2H1f	72	21	3072	48
P2H1f	71	21	3072	49
P2H1f	70	21	3072	50
P2H1f	69	21	3072	51
P2H1f	68	21	3072	52
P2H1f	67	21	3072	53
P2H1f	66	21	3072	54
P2H1f	65	21	3072	55
P2H1b	72	21	3072	56
P2H1b	71	21	3072	57
P2H1b	70	21	3072	58
P2H1b	69	21	3072	59
P2H1b	68	21	3072	60
P2H1b	67	21	3072	61
P2H1b	66	21	3072	62
P2H1b	65	21	3072	63
P2H2f	57	21	3328	0
P2H2f	58	21	3328	1
P2H2f	59	21	3328	2
P2H2f	60	21	3328	3
P2H2f	61	21	3328	4
P2H2f	62	21	3328	5
P2H2f	63	21	3328	6
P2H2f	64	21	3328	7
P2H2b	57	21	3328	8
P2H2b	58	21	3328	9
P2H2b	59	21	3328	10
P2H2b	60	21	3328	11
P2H2b	61	21	3328	12
P2H2b	62	21	3328	13
P2H2b	63	21	3328	14
P2H2b	64	21	3328	15
P2H3f	49	21	3328	16
P2H3f	50	21	3328	17
P2H3f	51	21	3328	18
P2H3f	52	21	3328	19
P2H3f	53	21	3328	20
P2H3f	54	21	3328	21
P2H3f	55	21	3328	22
P2H3f	56	21	3328	23
P2H3b	49	21	3328	24
P2H3b	50	21	3328	25
P2H3b	51	21	3328	26
P2H3b	52	21	3328	27
P2H3b	53	21	3328	28
P2H3b	54	21	3328	29
P2H3b	55	21	3328	30
P2H3b	56	21	3328	31
P2H4f	41	21	3328	32
P2H4f	42	21	3328	33
P2H4f	43	21	3328	34
P2H4f	44	21	3328	35
P2H4f	45	21	3328	36
P2H4f	46	21	3328	37
P2H4f	47	21	3328	38
P2H4f	48	21	3328	39
P2H4b	41	21	3328	40
P2H4b	42	21	3328	41
P2H4b	43	21	3328	42
P2H4b	44	21	3328	43
P2H4b	45	21	3328	44
P2H4b	46	21	3328	45
P2H4b	47	21	3328	46
P2H4b	48	21	3328	47
P2H5f	33	21	3328	48
P2H5f	34	21	3328	49
P2H5f	35	21	3328	50
P2H5f	36	21	3328	51
P2H5f	37	21	3328	52
P2H5f	38	21	3328	53
P2H5f	39	21	3328	54
P2H5f	40	21	3328	55
P2H5b	33	21	3328	56
P2H5b	34	21	3328	57
P2H5b	35	21	3328	58
P2H5b	36	21	3328	59
P2H5b	37	21	3328	60
P2H5b	38	21	3328	61
P2H5b	39	21	3328	62
P2H5b	40	21	3328	63
P2H6f	25	21	3584	0
P2H6f	26	21	3584	1
P2H6f	27	21	3584	2
P2H6f	28	21	3584	3
P2H6f	29	21	3584	4
P2H6f	30	21	3584	5
P2H6f	31	21	3584	6
P2H6f	32	21	3584	7
P2H6b	25	21	3584	8
P2H6b	26	21	3584	9
P2H6b	27	21	3584	10
P2H6b	28	21	3584	11
P2H6b	29	21	3584	12
P2H6b	30	21	3584	13
P2H6b	31	21	3584	14
P2H6b	32	21	3584	15
P2H7f	17	21	3584	16
P2H7f	18	21	3584	17
P2H7f	19	21	3584	18
P2H7f	20	21	3584	19
P2H7f	21	21	3584	20
P2H7f	22	21	3584	21
P2H7f	23	21	3584	22
P2H7f	24	21	3584	23
P2H7b	17	21	3584	24
P2H7b	18	21	3584	25
P2H7b	19	21	3584	26
P2H7b	20	21	3584	27
P2H7b	21	21	3584	28
P2H7b	22	21	3584	29
P2H7b	23	21	3584	30
P2H7b	24	21	3584	31
P2H8f	9	21	3584	32
P2H8f	10	21	3584	33
P2H8f	11	21	3584	34
P2H8f	12	21	3584	35
P2H8f	13	21	3584	36
P2H8f	14	21	3584	37
P2H8f	15	21	3584	38
P2H8f	16	21	3584	39
P2H8b	9	21	3584	40
P2H8b	10	21	3584	41
P2H8b	11	21	3584	42
P2H8b	12	21	3584	43
P2H8b	13	21	3584	44
P2H8b	14	21	3584	45
P2H8b	15	21	3584	46
P2H8b	16	21	3584	47
P2H9f	1	21	3584	48
P2H9f	2	21	3584	49
P2H9f	3	21	3584	50
P2H9f	4	21	3584	51
P2H9f	5	21	3584	52
P2H9f	6	21	3584	53
P2H9f	7	21	3584	54
P2H9f	8	21	3584	55
P2H9b	1	21	3584	56
P2H9b	2	21	3584	57
P2H9b	3	21	3584	58
P2H9b	4	21	3584	59
P2H9b	5	21	3584	60
P2H9b	6	21	3584	61
P2H9b	7	21	3584	62
P2H9b	8	21	3584	63
